period_date,state_fips,state_name,rpp_all_items
2019-01-01,01,Alabama,88.297
2018-01-01,01,Alabama,87.388
2017-01-01,01,Alabama,90.098
2016-01-01,01,Alabama,90.580
2015-01-01,01,Alabama,89.706
2014-01-01,01,Alabama,90.137
2013-01-01,01,Alabama,90.273
2012-01-01,01,Alabama,90.515
2011-01-01,01,Alabama,89.955
2010-01-01,01,Alabama,89.682
2009-01-01,01,Alabama,87.725
2008-01-01,01,Alabama,88.852
2023-01-01,01,Alabama,89.970
2022-01-01,01,Alabama,88.007
2021-01-01,01,Alabama,88.072
2020-01-01,01,Alabama,87.561
2018-01-01,02,Alaska,104.552
2017-01-01,02,Alaska,104.864
2016-01-01,02,Alaska,104.075
2015-01-01,02,Alaska,103.331
2014-01-01,02,Alaska,102.412
2013-01-01,02,Alaska,102.079
2012-01-01,02,Alaska,102.597
2011-01-01,02,Alaska,103.328
2010-01-01,02,Alaska,103.183
2009-01-01,02,Alaska,106.224
2008-01-01,02,Alaska,103.924
2023-01-01,02,Alaska,101.715
2022-01-01,02,Alaska,102.022
2021-01-01,02,Alaska,104.808
2020-01-01,02,Alaska,101.350
2019-01-01,02,Alaska,103.039
2019-01-01,04,Arizona,97.773
2018-01-01,04,Arizona,97.344
2017-01-01,04,Arizona,97.873
2016-01-01,04,Arizona,98.588
2015-01-01,04,Arizona,97.871
2014-01-01,04,Arizona,97.934
2013-01-01,04,Arizona,98.415
2012-01-01,04,Arizona,98.044
2011-01-01,04,Arizona,99.081
2010-01-01,04,Arizona,100.548
2009-01-01,04,Arizona,102.847
2008-01-01,04,Arizona,102.501
2023-01-01,04,Arizona,101.105
2022-01-01,04,Arizona,99.963
2021-01-01,04,Arizona,96.604
2020-01-01,04,Arizona,99.207
2018-01-01,05,Arkansas,87.156
2017-01-01,05,Arkansas,88.607
2016-01-01,05,Arkansas,89.275
2015-01-01,05,Arkansas,88.980
2014-01-01,05,Arkansas,89.357
2013-01-01,05,Arkansas,89.445
2012-01-01,05,Arkansas,89.354
2011-01-01,05,Arkansas,89.335
2010-01-01,05,Arkansas,88.492
2009-01-01,05,Arkansas,86.330
2008-01-01,05,Arkansas,88.065
2023-01-01,05,Arkansas,86.508
2022-01-01,05,Arkansas,86.895
2021-01-01,05,Arkansas,88.913
2020-01-01,05,Arkansas,88.168
2019-01-01,05,Arkansas,87.742
2019-01-01,06,California,111.132
2018-01-01,06,California,111.972
2017-01-01,06,California,110.925
2016-01-01,06,California,109.866
2015-01-01,06,California,110.644
2014-01-01,06,California,109.887
2013-01-01,06,California,109.638
2012-01-01,06,California,109.649
2011-01-01,06,California,109.472
2010-01-01,06,California,109.665
2009-01-01,06,California,110.629
2008-01-01,06,California,111.187
2023-01-01,06,California,112.581
2022-01-01,06,California,112.566
2021-01-01,06,California,111.868
2020-01-01,06,California,111.941
2018-01-01,08,Colorado,100.290
2017-01-01,08,Colorado,102.957
2016-01-01,08,Colorado,102.713
2015-01-01,08,Colorado,103.084
2014-01-01,08,Colorado,103.076
2013-01-01,08,Colorado,103.118
2012-01-01,08,Colorado,103.152
2011-01-01,08,Colorado,103.391
2010-01-01,08,Colorado,100.594
2009-01-01,08,Colorado,102.351
2008-01-01,08,Colorado,103.302
2023-01-01,08,Colorado,101.382
2022-01-01,08,Colorado,102.257
2021-01-01,08,Colorado,102.815
2020-01-01,08,Colorado,103.766
2019-01-01,08,Colorado,102.499
2019-01-01,09,Connecticut,103.941
2018-01-01,09,Connecticut,104.057
2017-01-01,09,Connecticut,107.180
2016-01-01,09,Connecticut,107.521
2015-01-01,09,Connecticut,107.612
2014-01-01,09,Connecticut,107.010
2013-01-01,09,Connecticut,107.703
2012-01-01,09,Connecticut,107.542
2011-01-01,09,Connecticut,107.870
2010-01-01,09,Connecticut,107.003
2009-01-01,09,Connecticut,110.829
2008-01-01,09,Connecticut,110.466
2023-01-01,09,Connecticut,103.689
2022-01-01,09,Connecticut,106.226
2021-01-01,09,Connecticut,102.828
2020-01-01,09,Connecticut,105.091
2018-01-01,10,Delaware,99.260
2017-01-01,10,Delaware,98.564
2016-01-01,10,Delaware,98.499
2015-01-01,10,Delaware,97.946
2014-01-01,10,Delaware,99.704
2013-01-01,10,Delaware,98.591
2012-01-01,10,Delaware,99.530
2011-01-01,10,Delaware,100.392
2010-01-01,10,Delaware,101.547
2009-01-01,10,Delaware,102.125
2008-01-01,10,Delaware,100.826
2023-01-01,10,Delaware,99.253
2022-01-01,10,Delaware,97.979
2021-01-01,10,Delaware,97.438
2020-01-01,10,Delaware,96.782
2019-01-01,10,Delaware,98.822
2019-01-01,11,District of Columbia,109.225
2018-01-01,11,District of Columbia,111.510
2017-01-01,11,District of Columbia,110.087
2016-01-01,11,District of Columbia,112.475
2015-01-01,11,District of Columbia,113.386
2014-01-01,11,District of Columbia,114.291
2013-01-01,11,District of Columbia,113.585
2012-01-01,11,District of Columbia,111.696
2011-01-01,11,District of Columbia,114.103
2010-01-01,11,District of Columbia,114.189
2009-01-01,11,District of Columbia,113.041
2008-01-01,11,District of Columbia,112.385
2023-01-01,11,District of Columbia,110.804
2022-01-01,11,District of Columbia,112.656
2021-01-01,11,District of Columbia,111.586
2020-01-01,11,District of Columbia,110.894
2018-01-01,12,Florida,100.315
2017-01-01,12,Florida,100.871
2016-01-01,12,Florida,101.055
2015-01-01,12,Florida,101.256
2014-01-01,12,Florida,100.856
2013-01-01,12,Florida,100.718
2012-01-01,12,Florida,101.046
2011-01-01,12,Florida,100.816
2010-01-01,12,Florida,100.332
2009-01-01,12,Florida,100.459
2008-01-01,12,Florida,101.657
2023-01-01,12,Florida,103.452
2022-01-01,12,Florida,102.252
2021-01-01,12,Florida,101.398
2020-01-01,12,Florida,100.610
2019-01-01,12,Florida,99.647
2019-01-01,13,Georgia,94.395
2018-01-01,13,Georgia,94.819
2017-01-01,13,Georgia,95.292
2016-01-01,13,Georgia,94.932
2015-01-01,13,Georgia,94.667
2014-01-01,13,Georgia,94.903
2013-01-01,13,Georgia,94.787
2012-01-01,13,Georgia,95.243
2011-01-01,13,Georgia,93.618
2010-01-01,13,Georgia,94.463
2009-01-01,13,Georgia,91.797
2008-01-01,13,Georgia,94.199
2023-01-01,13,Georgia,96.699
2022-01-01,13,Georgia,95.725
2021-01-01,13,Georgia,95.761
2020-01-01,13,Georgia,94.476
2018-01-01,15,Hawaii,110.831
2017-01-01,15,Hawaii,110.447
2016-01-01,15,Hawaii,109.881
2015-01-01,15,Hawaii,111.515
2014-01-01,15,Hawaii,110.592
2013-01-01,15,Hawaii,112.299
2012-01-01,15,Hawaii,108.370
2011-01-01,15,Hawaii,109.869
2010-01-01,15,Hawaii,109.395
2009-01-01,15,Hawaii,112.581
2008-01-01,15,Hawaii,109.744
2023-01-01,15,Hawaii,108.609
2022-01-01,15,Hawaii,111.094
2021-01-01,15,Hawaii,112.513
2020-01-01,15,Hawaii,113.249
2019-01-01,15,Hawaii,111.781
2019-01-01,16,Idaho,92.445
2018-01-01,16,Idaho,91.703
2017-01-01,16,Idaho,94.544
2016-01-01,16,Idaho,92.998
2015-01-01,16,Idaho,94.308
2014-01-01,16,Idaho,93.701
2013-01-01,16,Idaho,93.679
2012-01-01,16,Idaho,93.491
2011-01-01,16,Idaho,94.129
2010-01-01,16,Idaho,93.204
2009-01-01,16,Idaho,94.857
2008-01-01,16,Idaho,94.973
2023-01-01,16,Idaho,91.425
2022-01-01,16,Idaho,91.791
2021-01-01,16,Idaho,91.625
2020-01-01,16,Idaho,91.019
2018-01-01,17,Illinois,100.323
2017-01-01,17,Illinois,100.280
2016-01-01,17,Illinois,99.535
2015-01-01,17,Illinois,98.932
2014-01-01,17,Illinois,99.686
2013-01-01,17,Illinois,100.238
2012-01-01,17,Illinois,100.982
2011-01-01,17,Illinois,101.998
2010-01-01,17,Illinois,101.745
2009-01-01,17,Illinois,101.521
2008-01-01,17,Illinois,100.238
2023-01-01,17,Illinois,98.855
2022-01-01,17,Illinois,101.240
2021-01-01,17,Illinois,101.329
2020-01-01,17,Illinois,100.341
2019-01-01,17,Illinois,99.466
2017-01-01,18,Indiana,90.884
2016-01-01,18,Indiana,91.423
2015-01-01,18,Indiana,91.483
2014-01-01,18,Indiana,92.696
2013-01-01,18,Indiana,92.926
2012-01-01,18,Indiana,92.784
2011-01-01,18,Indiana,92.437
2010-01-01,18,Indiana,93.073
2009-01-01,18,Indiana,92.573
2008-01-01,18,Indiana,91.965
2023-01-01,18,Indiana,92.184
2022-01-01,18,Indiana,91.884
2021-01-01,18,Indiana,92.567
2020-01-01,18,Indiana,91.766
2019-01-01,18,Indiana,92.827
2018-01-01,18,Indiana,92.737
2018-01-01,19,Iowa,91.841
2017-01-01,19,Iowa,89.257
2016-01-01,19,Iowa,89.560
2015-01-01,19,Iowa,89.632
2014-01-01,19,Iowa,91.070
2013-01-01,19,Iowa,90.940
2012-01-01,19,Iowa,90.843
2011-01-01,19,Iowa,89.907
2010-01-01,19,Iowa,91.218
2009-01-01,19,Iowa,89.776
2008-01-01,19,Iowa,87.395
2023-01-01,19,Iowa,88.767
2022-01-01,19,Iowa,88.356
2021-01-01,19,Iowa,89.759
2020-01-01,19,Iowa,90.606
2019-01-01,19,Iowa,91.814
2019-01-01,20,Kansas,92.764
2018-01-01,20,Kansas,92.508
2017-01-01,20,Kansas,91.563
2016-01-01,20,Kansas,92.132
2015-01-01,20,Kansas,92.873
2014-01-01,20,Kansas,93.188
2013-01-01,20,Kansas,92.630
2012-01-01,20,Kansas,93.313
2011-01-01,20,Kansas,92.786
2010-01-01,20,Kansas,92.993
2009-01-01,20,Kansas,91.814
2008-01-01,20,Kansas,89.865
2023-01-01,20,Kansas,89.965
2022-01-01,20,Kansas,89.676
2021-01-01,20,Kansas,91.247
2020-01-01,20,Kansas,92.264
2018-01-01,21,Kentucky,89.074
2017-01-01,21,Kentucky,90.031
2016-01-01,21,Kentucky,90.648
2015-01-01,21,Kentucky,90.699
2014-01-01,21,Kentucky,91.025
2013-01-01,21,Kentucky,90.845
2012-01-01,21,Kentucky,90.646
2011-01-01,21,Kentucky,90.413
2010-01-01,21,Kentucky,90.358
2009-01-01,21,Kentucky,88.492
2008-01-01,21,Kentucky,89.803
2023-01-01,21,Kentucky,90.468
2022-01-01,21,Kentucky,89.391
2021-01-01,21,Kentucky,89.256
2020-01-01,21,Kentucky,89.084
2019-01-01,21,Kentucky,89.591
2019-01-01,22,Louisiana,91.156
2018-01-01,22,Louisiana,90.769
2017-01-01,22,Louisiana,92.392
2016-01-01,22,Louisiana,93.580
2015-01-01,22,Louisiana,92.810
2014-01-01,22,Louisiana,93.373
2013-01-01,22,Louisiana,92.889
2012-01-01,22,Louisiana,92.878
2011-01-01,22,Louisiana,92.690
2010-01-01,22,Louisiana,92.131
2009-01-01,22,Louisiana,90.144
2008-01-01,22,Louisiana,91.436
2023-01-01,22,Louisiana,88.345
2022-01-01,22,Louisiana,90.465
2021-01-01,22,Louisiana,91.389
2020-01-01,22,Louisiana,91.152
2018-01-01,23,Maine,97.683
2017-01-01,23,Maine,97.608
2016-01-01,23,Maine,97.318
2015-01-01,23,Maine,95.984
2014-01-01,23,Maine,92.632
2013-01-01,23,Maine,98.392
2012-01-01,23,Maine,97.011
2011-01-01,23,Maine,96.220
2010-01-01,23,Maine,97.688
2009-01-01,23,Maine,98.881
2008-01-01,23,Maine,98.591
2023-01-01,23,Maine,97.097
2022-01-01,23,Maine,100.698
2021-01-01,23,Maine,97.318
2020-01-01,23,Maine,97.886
2019-01-01,23,Maine,95.618
2019-01-01,24,Maryland,105.086
2018-01-01,24,Maryland,106.355
2017-01-01,24,Maryland,106.743
2016-01-01,24,Maryland,107.262
2015-01-01,24,Maryland,107.944
2014-01-01,24,Maryland,107.909
2013-01-01,24,Maryland,108.543
2012-01-01,24,Maryland,107.410
2011-01-01,24,Maryland,109.324
2010-01-01,24,Maryland,108.432
2009-01-01,24,Maryland,110.488
2008-01-01,24,Maryland,108.828
2023-01-01,24,Maryland,103.965
2022-01-01,24,Maryland,104.930
2021-01-01,24,Maryland,106.120
2020-01-01,24,Maryland,106.386
2018-01-01,25,Massachusetts,107.264
2017-01-01,25,Massachusetts,107.258
2016-01-01,25,Massachusetts,108.185
2015-01-01,25,Massachusetts,104.948
2014-01-01,25,Massachusetts,104.535
2013-01-01,25,Massachusetts,103.316
2012-01-01,25,Massachusetts,104.444
2011-01-01,25,Massachusetts,104.744
2010-01-01,25,Massachusetts,104.709
2009-01-01,25,Massachusetts,105.482
2008-01-01,25,Massachusetts,106.230
2023-01-01,25,Massachusetts,108.238
2022-01-01,25,Massachusetts,109.435
2021-01-01,25,Massachusetts,106.731
2020-01-01,25,Massachusetts,109.097
2019-01-01,25,Massachusetts,107.165
2019-01-01,26,Michigan,95.356
2018-01-01,26,Michigan,94.458
2017-01-01,26,Michigan,92.704
2016-01-01,26,Michigan,93.631
2015-01-01,26,Michigan,93.725
2014-01-01,26,Michigan,95.485
2013-01-01,26,Michigan,95.232
2012-01-01,26,Michigan,95.019
2011-01-01,26,Michigan,95.209
2010-01-01,26,Michigan,96.195
2009-01-01,26,Michigan,96.044
2008-01-01,26,Michigan,95.858
2023-01-01,26,Michigan,94.184
2022-01-01,26,Michigan,93.609
2021-01-01,26,Michigan,94.254
2020-01-01,26,Michigan,94.424
2018-01-01,27,Minnesota,99.577
2017-01-01,27,Minnesota,96.765
2016-01-01,27,Minnesota,97.273
2015-01-01,27,Minnesota,97.713
2014-01-01,27,Minnesota,98.338
2013-01-01,27,Minnesota,97.487
2012-01-01,27,Minnesota,97.391
2011-01-01,27,Minnesota,97.266
2010-01-01,27,Minnesota,97.591
2009-01-01,27,Minnesota,98.648
2008-01-01,27,Minnesota,96.757
2023-01-01,27,Minnesota,98.417
2022-01-01,27,Minnesota,97.465
2021-01-01,27,Minnesota,98.328
2020-01-01,27,Minnesota,97.749
2019-01-01,27,Minnesota,98.751
2019-01-01,28,Mississippi,86.521
2018-01-01,28,Mississippi,86.166
2017-01-01,28,Mississippi,87.808
2016-01-01,28,Mississippi,88.469
2015-01-01,28,Mississippi,88.233
2014-01-01,28,Mississippi,88.920
2013-01-01,28,Mississippi,88.843
2012-01-01,28,Mississippi,88.521
2011-01-01,28,Mississippi,88.833
2010-01-01,28,Mississippi,88.218
2009-01-01,28,Mississippi,85.588
2008-01-01,28,Mississippi,88.038
2023-01-01,28,Mississippi,87.292
2022-01-01,28,Mississippi,87.326
2021-01-01,28,Mississippi,86.229
2020-01-01,28,Mississippi,85.580
2018-01-01,29,Missouri,91.792
2017-01-01,29,Missouri,91.718
2016-01-01,29,Missouri,91.704
2015-01-01,29,Missouri,92.296
2014-01-01,29,Missouri,93.373
2013-01-01,29,Missouri,92.837
2012-01-01,29,Missouri,92.456
2011-01-01,29,Missouri,92.522
2010-01-01,29,Missouri,93.124
2009-01-01,29,Missouri,90.473
2008-01-01,29,Missouri,88.468
2023-01-01,29,Missouri,91.762
2022-01-01,29,Missouri,91.040
2021-01-01,29,Missouri,92.003
2020-01-01,29,Missouri,92.157
2019-01-01,29,Missouri,92.522
2009-01-01,30,Montana,93.218
2008-01-01,30,Montana,94.113
2023-01-01,30,Montana,90.244
2022-01-01,30,Montana,90.164
2021-01-01,30,Montana,91.400
2020-01-01,30,Montana,91.973
2019-01-01,30,Montana,94.250
2018-01-01,30,Montana,92.371
2017-01-01,30,Montana,94.244
2016-01-01,30,Montana,93.866
2015-01-01,30,Montana,95.010
2014-01-01,30,Montana,95.172
2013-01-01,30,Montana,92.881
2012-01-01,30,Montana,93.207
2011-01-01,30,Montana,94.251
2010-01-01,30,Montana,92.458
2018-01-01,31,Nebraska,91.880
2017-01-01,31,Nebraska,89.833
2016-01-01,31,Nebraska,90.869
2015-01-01,31,Nebraska,91.256
2014-01-01,31,Nebraska,91.839
2013-01-01,31,Nebraska,91.876
2012-01-01,31,Nebraska,92.325
2011-01-01,31,Nebraska,91.444
2010-01-01,31,Nebraska,92.130
2009-01-01,31,Nebraska,90.668
2008-01-01,31,Nebraska,89.609
2023-01-01,31,Nebraska,90.376
2022-01-01,31,Nebraska,89.874
2021-01-01,31,Nebraska,91.943
2020-01-01,31,Nebraska,92.810
2019-01-01,31,Nebraska,92.542
2019-01-01,32,Nevada,98.847
2018-01-01,32,Nevada,96.198
2017-01-01,32,Nevada,99.827
2016-01-01,32,Nevada,97.172
2015-01-01,32,Nevada,98.588
2014-01-01,32,Nevada,99.160
2013-01-01,32,Nevada,99.816
2012-01-01,32,Nevada,101.595
2011-01-01,32,Nevada,102.213
2010-01-01,32,Nevada,100.763
2009-01-01,32,Nevada,103.042
2008-01-01,32,Nevada,101.214
2023-01-01,32,Nevada,96.980
2022-01-01,32,Nevada,96.324
2021-01-01,32,Nevada,95.413
2020-01-01,32,Nevada,97.188
2018-01-01,33,New Hampshire,103.530
2017-01-01,33,New Hampshire,105.765
2016-01-01,33,New Hampshire,105.144
2015-01-01,33,New Hampshire,103.956
2014-01-01,33,New Hampshire,102.144
2013-01-01,33,New Hampshire,102.840
2012-01-01,33,New Hampshire,102.937
2011-01-01,33,New Hampshire,103.513
2010-01-01,33,New Hampshire,104.064
2009-01-01,33,New Hampshire,105.231
2008-01-01,33,New Hampshire,106.272
2023-01-01,33,New Hampshire,105.345
2022-01-01,33,New Hampshire,107.809
2021-01-01,33,New Hampshire,102.565
2020-01-01,33,New Hampshire,105.271
2019-01-01,33,New Hampshire,104.020
2019-01-01,34,New Jersey,111.183
2018-01-01,34,New Jersey,111.078
2017-01-01,34,New Jersey,109.323
2016-01-01,34,New Jersey,109.111
2015-01-01,34,New Jersey,108.990
2014-01-01,34,New Jersey,109.154
2013-01-01,34,New Jersey,109.077
2012-01-01,34,New Jersey,109.420
2011-01-01,34,New Jersey,109.277
2010-01-01,34,New Jersey,108.867
2009-01-01,34,New Jersey,111.124
2008-01-01,34,New Jersey,107.563
2023-01-01,34,New Jersey,108.883
2022-01-01,34,New Jersey,108.768
2021-01-01,34,New Jersey,109.190
2020-01-01,34,New Jersey,110.712
2018-01-01,35,New Mexico,91.625
2017-01-01,35,New Mexico,95.720
2016-01-01,35,New Mexico,94.452
2015-01-01,35,New Mexico,95.414
2014-01-01,35,New Mexico,95.469
2013-01-01,35,New Mexico,95.561
2012-01-01,35,New Mexico,96.483
2011-01-01,35,New Mexico,97.088
2010-01-01,35,New Mexico,94.505
2009-01-01,35,New Mexico,95.964
2008-01-01,35,New Mexico,95.114
2023-01-01,35,New Mexico,90.386
2022-01-01,35,New Mexico,90.911
2021-01-01,35,New Mexico,89.835
2020-01-01,35,New Mexico,91.807
2019-01-01,35,New Mexico,92.981
2019-01-01,36,New York,109.418
2018-01-01,36,New York,109.587
2017-01-01,36,New York,109.945
2016-01-01,36,New York,110.138
2015-01-01,36,New York,109.666
2014-01-01,36,New York,108.954
2013-01-01,36,New York,109.791
2012-01-01,36,New York,109.733
2011-01-01,36,New York,110.978
2010-01-01,36,New York,110.132
2009-01-01,36,New York,111.204
2008-01-01,36,New York,111.455
2023-01-01,36,New York,107.626
2022-01-01,36,New York,107.573
2021-01-01,36,New York,109.587
2020-01-01,36,New York,110.118
2018-01-01,37,North Carolina,92.916
2017-01-01,37,North Carolina,93.056
2016-01-01,37,North Carolina,93.771
2015-01-01,37,North Carolina,93.552
2014-01-01,37,North Carolina,93.788
2013-01-01,37,North Carolina,93.683
2012-01-01,37,North Carolina,93.471
2011-01-01,37,North Carolina,93.521
2010-01-01,37,North Carolina,92.813
2009-01-01,37,North Carolina,91.214
2008-01-01,37,North Carolina,92.409
2023-01-01,37,North Carolina,94.139
2022-01-01,37,North Carolina,93.998
2021-01-01,37,North Carolina,93.760
2020-01-01,37,North Carolina,91.345
2019-01-01,37,North Carolina,91.871
2019-01-01,38,North Dakota,93.203
2018-01-01,38,North Dakota,91.212
2017-01-01,38,North Dakota,88.706
2016-01-01,38,North Dakota,91.708
2015-01-01,38,North Dakota,91.178
2014-01-01,38,North Dakota,92.576
2013-01-01,38,North Dakota,92.349
2012-01-01,38,North Dakota,92.068
2011-01-01,38,North Dakota,89.643
2010-01-01,38,North Dakota,89.176
2009-01-01,38,North Dakota,87.879
2008-01-01,38,North Dakota,85.946
2023-01-01,38,North Dakota,88.572
2022-01-01,38,North Dakota,88.721
2021-01-01,38,North Dakota,90.939
2020-01-01,38,North Dakota,91.814
2018-01-01,39,Ohio,92.932
2017-01-01,39,Ohio,91.938
2016-01-01,39,Ohio,92.408
2015-01-01,39,Ohio,92.269
2014-01-01,39,Ohio,93.064
2013-01-01,39,Ohio,93.285
2012-01-01,39,Ohio,93.037
2011-01-01,39,Ohio,92.236
2010-01-01,39,Ohio,93.155
2009-01-01,39,Ohio,93.518
2008-01-01,39,Ohio,92.550
2023-01-01,39,Ohio,91.812
2022-01-01,39,Ohio,91.513
2021-01-01,39,Ohio,92.209
2020-01-01,39,Ohio,91.932
2019-01-01,39,Ohio,93.284
2009-01-01,40,Oklahoma,88.408
2008-01-01,40,Oklahoma,89.494
2023-01-01,40,Oklahoma,88.286
2022-01-01,40,Oklahoma,88.791
2021-01-01,40,Oklahoma,89.899
2020-01-01,40,Oklahoma,89.634
2019-01-01,40,Oklahoma,89.329
2018-01-01,40,Oklahoma,89.659
2017-01-01,40,Oklahoma,90.916
2016-01-01,40,Oklahoma,91.480
2015-01-01,40,Oklahoma,91.327
2014-01-01,40,Oklahoma,91.779
2013-01-01,40,Oklahoma,91.465
2012-01-01,40,Oklahoma,91.179
2011-01-01,40,Oklahoma,90.870
2010-01-01,40,Oklahoma,90.456
2018-01-01,41,Oregon,104.706
2017-01-01,41,Oregon,101.486
2016-01-01,41,Oregon,99.595
2015-01-01,41,Oregon,101.144
2014-01-01,41,Oregon,99.747
2013-01-01,41,Oregon,100.146
2012-01-01,41,Oregon,101.112
2011-01-01,41,Oregon,99.774
2010-01-01,41,Oregon,99.286
2009-01-01,41,Oregon,100.232
2008-01-01,41,Oregon,97.934
2023-01-01,41,Oregon,104.721
2022-01-01,41,Oregon,106.595
2021-01-01,41,Oregon,103.140
2020-01-01,41,Oregon,103.246
2019-01-01,41,Oregon,103.816
2019-01-01,42,Pennsylvania,97.958
2018-01-01,42,Pennsylvania,98.133
2017-01-01,42,Pennsylvania,99.123
2016-01-01,42,Pennsylvania,97.815
2015-01-01,42,Pennsylvania,98.205
2014-01-01,42,Pennsylvania,97.250
2013-01-01,42,Pennsylvania,97.858
2012-01-01,42,Pennsylvania,98.025
2011-01-01,42,Pennsylvania,98.473
2010-01-01,42,Pennsylvania,99.069
2009-01-01,42,Pennsylvania,99.598
2008-01-01,42,Pennsylvania,99.232
2023-01-01,42,Pennsylvania,97.500
2022-01-01,42,Pennsylvania,96.166
2021-01-01,42,Pennsylvania,96.110
2020-01-01,42,Pennsylvania,97.687
2018-01-01,44,Rhode Island,102.076
2017-01-01,44,Rhode Island,102.476
2016-01-01,44,Rhode Island,101.725
2015-01-01,44,Rhode Island,102.176
2014-01-01,44,Rhode Island,100.436
2013-01-01,44,Rhode Island,101.540
2012-01-01,44,Rhode Island,99.934
2011-01-01,44,Rhode Island,101.304
2010-01-01,44,Rhode Island,102.110
2009-01-01,44,Rhode Island,104.293
2008-01-01,44,Rhode Island,103.855
2023-01-01,44,Rhode Island,101.412
2022-01-01,44,Rhode Island,104.396
2021-01-01,44,Rhode Island,102.146
2020-01-01,44,Rhode Island,101.767
2019-01-01,44,Rhode Island,102.407
2019-01-01,45,South Carolina,91.494
2018-01-01,45,South Carolina,92.261
2017-01-01,45,South Carolina,92.868
2016-01-01,45,South Carolina,93.609
2015-01-01,45,South Carolina,93.289
2014-01-01,45,South Carolina,93.198
2013-01-01,45,South Carolina,93.258
2012-01-01,45,South Carolina,93.360
2011-01-01,45,South Carolina,93.143
2010-01-01,45,South Carolina,92.596
2009-01-01,45,South Carolina,90.965
2008-01-01,45,South Carolina,91.927
2023-01-01,45,South Carolina,93.177
2022-01-01,45,South Carolina,93.328
2021-01-01,45,South Carolina,93.637
2020-01-01,45,South Carolina,90.874
2009-01-01,46,South Dakota,86.070
2008-01-01,46,South Dakota,85.044
2023-01-01,46,South Dakota,88.095
2022-01-01,46,South Dakota,87.879
2021-01-01,46,South Dakota,90.089
2020-01-01,46,South Dakota,91.326
2019-01-01,46,South Dakota,91.833
2018-01-01,46,South Dakota,91.253
2017-01-01,46,South Dakota,87.275
2016-01-01,46,South Dakota,87.387
2015-01-01,46,South Dakota,87.890
2014-01-01,46,South Dakota,89.448
2013-01-01,46,South Dakota,90.265
2012-01-01,46,South Dakota,90.380
2011-01-01,46,South Dakota,87.321
2010-01-01,46,South Dakota,88.863
2019-01-01,47,Tennessee,91.255
2018-01-01,47,Tennessee,89.660
2017-01-01,47,Tennessee,93.074
2016-01-01,47,Tennessee,93.781
2015-01-01,47,Tennessee,92.777
2014-01-01,47,Tennessee,92.747
2013-01-01,47,Tennessee,92.944
2012-01-01,47,Tennessee,93.362
2011-01-01,47,Tennessee,92.839
2010-01-01,47,Tennessee,92.269
2009-01-01,47,Tennessee,90.449
2008-01-01,47,Tennessee,91.662
2023-01-01,47,Tennessee,92.515
2022-01-01,47,Tennessee,91.797
2021-01-01,47,Tennessee,90.595
2020-01-01,47,Tennessee,90.499
2018-01-01,48,Texas,97.745
2017-01-01,48,Texas,97.372
2016-01-01,48,Texas,98.024
2015-01-01,48,Texas,98.223
2014-01-01,48,Texas,98.364
2013-01-01,48,Texas,98.048
2012-01-01,48,Texas,97.646
2011-01-01,48,Texas,96.925
2010-01-01,48,Texas,97.591
2009-01-01,48,Texas,96.653
2008-01-01,48,Texas,96.977
2023-01-01,48,Texas,97.175
2022-01-01,48,Texas,97.447
2021-01-01,48,Texas,98.404
2020-01-01,48,Texas,98.774
2019-01-01,48,Texas,98.503
2019-01-01,49,Utah,97.259
2018-01-01,49,Utah,95.977
2017-01-01,49,Utah,98.708
2016-01-01,49,Utah,97.082
2015-01-01,49,Utah,97.656
2014-01-01,49,Utah,97.934
2013-01-01,49,Utah,98.575
2012-01-01,49,Utah,99.423
2011-01-01,49,Utah,99.824
2010-01-01,49,Utah,97.291
2009-01-01,49,Utah,100.036
2008-01-01,49,Utah,96.975
2023-01-01,49,Utah,95.002
2022-01-01,49,Utah,94.572
2021-01-01,49,Utah,94.573
2020-01-01,49,Utah,95.262
2018-01-01,50,Vermont,100.239
2017-01-01,50,Vermont,100.398
2016-01-01,50,Vermont,98.332
2015-01-01,50,Vermont,100.159
2014-01-01,50,Vermont,98.076
2013-01-01,50,Vermont,100.497
2012-01-01,50,Vermont,100.050
2011-01-01,50,Vermont,99.253
2010-01-01,50,Vermont,99.614
2009-01-01,50,Vermont,101.704
2008-01-01,50,Vermont,100.885
2023-01-01,50,Vermont,96.635
2022-01-01,50,Vermont,100.990
2021-01-01,50,Vermont,98.661
2020-01-01,50,Vermont,102.132
2019-01-01,50,Vermont,99.616
2019-01-01,51,Virginia,100.056
2018-01-01,51,Virginia,102.018
2017-01-01,51,Virginia,101.267
2016-01-01,51,Virginia,102.805
2015-01-01,51,Virginia,103.591
2014-01-01,51,Virginia,103.455
2013-01-01,51,Virginia,103.515
2012-01-01,51,Virginia,102.471
2011-01-01,51,Virginia,103.378
2010-01-01,51,Virginia,103.586
2009-01-01,51,Virginia,102.361
2008-01-01,51,Virginia,103.145
2023-01-01,51,Virginia,100.749
2022-01-01,51,Virginia,102.051
2021-01-01,51,Virginia,102.329
2020-01-01,51,Virginia,101.010
2018-01-01,53,Washington,107.124
2017-01-01,53,Washington,107.451
2016-01-01,53,Washington,105.555
2015-01-01,53,Washington,104.344
2014-01-01,53,Washington,103.861
2013-01-01,53,Washington,102.450
2012-01-01,53,Washington,102.509
2011-01-01,53,Washington,103.205
2010-01-01,53,Washington,102.608
2009-01-01,53,Washington,104.620
2008-01-01,53,Washington,104.513
2023-01-01,53,Washington,108.562
2022-01-01,53,Washington,110.025
2021-01-01,53,Washington,108.754
2020-01-01,53,Washington,107.869
2019-01-01,53,Washington,107.979
2019-01-01,54,West Virginia,88.521
2018-01-01,54,West Virginia,89.427
2017-01-01,54,West Virginia,89.026
2016-01-01,54,West Virginia,89.796
2015-01-01,54,West Virginia,90.535
2014-01-01,54,West Virginia,89.834
2013-01-01,54,West Virginia,90.200
2012-01-01,54,West Virginia,89.267
2011-01-01,54,West Virginia,89.240
2010-01-01,54,West Virginia,88.829
2009-01-01,54,West Virginia,86.614
2008-01-01,54,West Virginia,87.601
2023-01-01,54,West Virginia,89.772
2022-01-01,54,West Virginia,89.156
2021-01-01,54,West Virginia,91.002
2020-01-01,54,West Virginia,87.333
2018-01-01,55,Wisconsin,93.951
2017-01-01,55,Wisconsin,93.540
2016-01-01,55,Wisconsin,93.234
2015-01-01,55,Wisconsin,93.314
2014-01-01,55,Wisconsin,93.832
2013-01-01,55,Wisconsin,93.911
2012-01-01,55,Wisconsin,94.356
2011-01-01,55,Wisconsin,93.773
2010-01-01,55,Wisconsin,94.858
2009-01-01,55,Wisconsin,94.224
2008-01-01,55,Wisconsin,93.276
2023-01-01,55,Wisconsin,93.097
2022-01-01,55,Wisconsin,92.416
2021-01-01,55,Wisconsin,93.293
2020-01-01,55,Wisconsin,92.665
2019-01-01,55,Wisconsin,94.472
2019-01-01,56,Wyoming,94.120
2018-01-01,56,Wyoming,92.345
2017-01-01,56,Wyoming,97.185
2016-01-01,56,Wyoming,97.747
2015-01-01,56,Wyoming,96.972
2014-01-01,56,Wyoming,97.424
2013-01-01,56,Wyoming,97.350
2012-01-01,56,Wyoming,96.284
2011-01-01,56,Wyoming,97.638
2010-01-01,56,Wyoming,95.492
2009-01-01,56,Wyoming,96.638
2008-01-01,56,Wyoming,95.310
2023-01-01,56,Wyoming,90.848
2022-01-01,56,Wyoming,91.761
2021-01-01,56,Wyoming,91.533
2020-01-01,56,Wyoming,91.831