period_date,state_fips,state_name,real_gdp_millions
2011-01-01,01,Alabama,201372839
2012-01-01,01,Alabama,203675511
2013-01-01,01,Alabama,206962905
2014-01-01,01,Alabama,206070026
2015-01-01,01,Alabama,208950294
2016-01-01,01,Alabama,212862789
2017-01-01,01,Alabama,216615470
2018-01-01,01,Alabama,220808767
2019-01-01,01,Alabama,225272775
2020-01-01,01,Alabama,223025492
2021-01-01,01,Alabama,233951112
2022-01-01,01,Alabama,239846555
2023-01-01,01,Alabama,248313684
2024-01-01,01,Alabama,255629447
2001-01-01,01,Alabama,168448296
2002-01-01,01,Alabama,172430379
2003-01-01,01,Alabama,178039962
2004-01-01,01,Alabama,189913745
2005-01-01,01,Alabama,197246483
2006-01-01,01,Alabama,199923857
2007-01-01,01,Alabama,202025481
2008-01-01,01,Alabama,200967427
2009-01-01,01,Alabama,194192061
2010-01-01,01,Alabama,199454968
2011-01-01,02,Alaska,54045452
2012-01-01,02,Alaska,57087368
2013-01-01,02,Alaska,54627629
2014-01-01,02,Alaska,53303253
2015-01-01,02,Alaska,53681146
2016-01-01,02,Alaska,53463861
2017-01-01,02,Alaska,53550915
2018-01-01,02,Alaska,52479584
2019-01-01,02,Alaska,52377485
2020-01-01,02,Alaska,50901285
2021-01-01,02,Alaska,51763966
2022-01-01,02,Alaska,50509127
2023-01-01,02,Alaska,54183819
2024-01-01,02,Alaska,55945726
2001-01-01,02,Alaska,40014380
2002-01-01,02,Alaska,41904674
2003-01-01,02,Alaska,41235016
2004-01-01,02,Alaska,42880090
2005-01-01,02,Alaska,44406803
2006-01-01,02,Alaska,47546237
2007-01-01,02,Alaska,50126750
2008-01-01,02,Alaska,49926563
2009-01-01,02,Alaska,54951938
2010-01-01,02,Alaska,53652007
2001-01-01,04,Arizona,230885564
2002-01-01,04,Arizona,238257096
2003-01-01,04,Arizona,253743083
2004-01-01,04,Arizona,264989995
2005-01-01,04,Arizona,283806171
2006-01-01,04,Arizona,296424393
2007-01-01,04,Arizona,306611569
2008-01-01,04,Arizona,302277938
2009-01-01,04,Arizona,277412371
2010-01-01,04,Arizona,282252452
2011-01-01,04,Arizona,290411264
2012-01-01,04,Arizona,297077253
2013-01-01,04,Arizona,298859949
2014-01-01,04,Arizona,301721179
2015-01-01,04,Arizona,308582795
2016-01-01,04,Arizona,319008379
2017-01-01,04,Arizona,333098997
2018-01-01,04,Arizona,346398299
2019-01-01,04,Arizona,359576749
2020-01-01,04,Arizona,366588009
2021-01-01,04,Arizona,396457492
2022-01-01,04,Arizona,413798764
2023-01-01,04,Arizona,427644002
2024-01-01,04,Arizona,446968228
2011-01-01,05,Arkansas,115241765
2012-01-01,05,Arkansas,116616177
2013-01-01,05,Arkansas,119842786
2014-01-01,05,Arkansas,121409411
2015-01-01,05,Arkansas,121532512
2016-01-01,05,Arkansas,123034853
2017-01-01,05,Arkansas,123882586
2018-01-01,05,Arkansas,126371242
2019-01-01,05,Arkansas,127220002
2020-01-01,05,Arkansas,128395585
2021-01-01,05,Arkansas,137634807
2022-01-01,05,Arkansas,138672036
2023-01-01,05,Arkansas,141968004
2024-01-01,05,Arkansas,147389907
2001-01-01,05,Arkansas,95528730
2002-01-01,05,Arkansas,98556605
2003-01-01,05,Arkansas,102947977
2004-01-01,05,Arkansas,108581758
2005-01-01,05,Arkansas,112451090
2006-01-01,05,Arkansas,114890410
2007-01-01,05,Arkansas,114026706
2008-01-01,05,Arkansas,113627974
2009-01-01,05,Arkansas,109833120
2010-01-01,05,Arkansas,113000861
2011-01-01,06,California,2192887191
2012-01-01,06,California,2255437279
2013-01-01,06,California,2340335324
2014-01-01,06,California,2428675697
2015-01-01,06,California,2545979525
2016-01-01,06,California,2623711672
2017-01-01,06,California,2740550256
2018-01-01,06,California,2850970282
2019-01-01,06,California,2969608988
2020-01-01,06,California,2930654608
2021-01-01,06,California,3151112483
2022-01-01,06,California,3147211352
2023-01-01,06,California,3204016448
2024-01-01,06,California,3306928555
2001-01-01,06,California,1784567677
2002-01-01,06,California,1821509513
2003-01-01,06,California,1895287618
2004-01-01,06,California,1956745474
2005-01-01,06,California,2042141033
2006-01-01,06,California,2120435378
2007-01-01,06,California,2168940424
2008-01-01,06,California,2192331807
2009-01-01,06,California,2110679365
2010-01-01,06,California,2153852764
2011-01-01,08,Colorado,283963779
2012-01-01,08,Colorado,289339541
2013-01-01,08,Colorado,301484129
2014-01-01,08,Colorado,315399050
2015-01-01,08,Colorado,330526147
2016-01-01,08,Colorado,337685173
2017-01-01,08,Colorado,350209112
2018-01-01,08,Colorado,365204531
2019-01-01,08,Colorado,383725638
2020-01-01,08,Colorado,380543997
2021-01-01,08,Colorado,406309165
2022-01-01,08,Colorado,422576125
2023-01-01,08,Colorado,440225205
2024-01-01,08,Colorado,448838490
2001-01-01,08,Colorado,242650096
2002-01-01,08,Colorado,243701932
2003-01-01,08,Colorado,246017435
2004-01-01,08,Colorado,250069293
2005-01-01,08,Colorado,261992919
2006-01-01,08,Colorado,268190805
2007-01-01,08,Colorado,278733823
2008-01-01,08,Colorado,281803303
2009-01-01,08,Colorado,275659145
2010-01-01,08,Colorado,279385573
2009-01-01,09,Connecticut,265530775
2010-01-01,09,Connecticut,266773408
2011-01-01,09,Connecticut,261555788
2012-01-01,09,Connecticut,263649924
2013-01-01,09,Connecticut,258910988
2014-01-01,09,Connecticut,260605767
2015-01-01,09,Connecticut,268869760
2016-01-01,09,Connecticut,268196181
2017-01-01,09,Connecticut,273875070
2018-01-01,09,Connecticut,274582807
2019-01-01,09,Connecticut,275225375
2020-01-01,09,Connecticut,261737103
2021-01-01,09,Connecticut,270779798
2022-01-01,09,Connecticut,279348464
2023-01-01,09,Connecticut,283228456
2024-01-01,09,Connecticut,286160067
2001-01-01,09,Connecticut,236338107
2002-01-01,09,Connecticut,234307344
2003-01-01,09,Connecticut,236719115
2004-01-01,09,Connecticut,252680831
2005-01-01,09,Connecticut,258203694
2006-01-01,09,Connecticut,269478567
2007-01-01,09,Connecticut,278485379
2008-01-01,09,Connecticut,277793163
2011-01-01,10,Delaware,71103481
2012-01-01,10,Delaware,70562372
2013-01-01,10,Delaware,68656786
2014-01-01,10,Delaware,73961749
2015-01-01,10,Delaware,76211173
2016-01-01,10,Delaware,71941407
2017-01-01,10,Delaware,69555627
2018-01-01,10,Delaware,70856435
2019-01-01,10,Delaware,74627793
2020-01-01,10,Delaware,72728770
2021-01-01,10,Delaware,75205533
2022-01-01,10,Delaware,81111785
2023-01-01,10,Delaware,82090935
2024-01-01,10,Delaware,85350534
2001-01-01,10,Delaware,65724791
2002-01-01,10,Delaware,63702543
2003-01-01,10,Delaware,64316787
2004-01-01,10,Delaware,67735474
2005-01-01,10,Delaware,66381193
2006-01-01,10,Delaware,68411829
2007-01-01,10,Delaware,68132404
2008-01-01,10,Delaware,65771321
2009-01-01,10,Delaware,69186157
2010-01-01,10,Delaware,68291851
2011-01-01,11,District of Columbia,122636380
2012-01-01,11,District of Columbia,123567873
2013-01-01,11,District of Columbia,124094795
2014-01-01,11,District of Columbia,126883923
2015-01-01,11,District of Columbia,129110196
2016-01-01,11,District of Columbia,132217775
2017-01-01,11,District of Columbia,134298772
2018-01-01,11,District of Columbia,138056788
2019-01-01,11,District of Columbia,138909669
2020-01-01,11,District of Columbia,137828870
2021-01-01,11,District of Columbia,143338748
2022-01-01,11,District of Columbia,143050800
2023-01-01,11,District of Columbia,143179241
2024-01-01,11,District of Columbia,145087985
2001-01-01,11,District of Columbia,96185345
2002-01-01,11,District of Columbia,99014659
2003-01-01,11,District of Columbia,100969449
2004-01-01,11,District of Columbia,106547191
2005-01-01,11,District of Columbia,108884101
2006-01-01,11,District of Columbia,108848328
2007-01-01,11,District of Columbia,112287649
2008-01-01,11,District of Columbia,116213705
2009-01-01,11,District of Columbia,115645991
2010-01-01,11,District of Columbia,120393223
2011-01-01,12,Florida,849395301
2012-01-01,12,Florida,857861342
2013-01-01,12,Florida,880183486
2014-01-01,12,Florida,905648485
2015-01-01,12,Florida,945929031
2016-01-01,12,Florida,978989749
2017-01-01,12,Florida,1014866863
2018-01-01,12,Florida,1050433812
2019-01-01,12,Florida,1084913903
2020-01-01,12,Florida,1072481562
2021-01-01,12,Florida,1172655328
2022-01-01,12,Florida,1245927559
2023-01-01,12,Florida,1309392241
2024-01-01,12,Florida,1352275106
2001-01-01,12,Florida,714638009
2002-01-01,12,Florida,746252840
2003-01-01,12,Florida,781834214
2004-01-01,12,Florida,833946815
2005-01-01,12,Florida,883164468
2006-01-01,12,Florida,909298863
2007-01-01,12,Florida,922288301
2008-01-01,12,Florida,891766851
2009-01-01,12,Florida,840480647
2010-01-01,12,Florida,851956408
2009-01-01,13,Georgia,464016791
2008-01-01,13,Georgia,481860301
2007-01-01,13,Georgia,492238681
2006-01-01,13,Georgia,487524899
2005-01-01,13,Georgia,480838326
2004-01-01,13,Georgia,461245412
2003-01-01,13,Georgia,439074597
2002-01-01,13,Georgia,427329710
2001-01-01,13,Georgia,422731647
2024-01-01,13,Georgia,697450891
2023-01-01,13,Georgia,679447226
2022-01-01,13,Georgia,670107207
2021-01-01,13,Georgia,643748440
2020-01-01,13,Georgia,603202534
2019-01-01,13,Georgia,620744879
2018-01-01,13,Georgia,600934681
2017-01-01,13,Georgia,583543340
2016-01-01,13,Georgia,561718262
2015-01-01,13,Georgia,540108516
2014-01-01,13,Georgia,517511928
2013-01-01,13,Georgia,499900185
2012-01-01,13,Georgia,489027294
2011-01-01,13,Georgia,481215370
2010-01-01,13,Georgia,471588220
2011-01-01,15,Hawaii,77174209
2012-01-01,15,Hawaii,78694016
2013-01-01,15,Hawaii,80534850
2014-01-01,15,Hawaii,81304891
2015-01-01,15,Hawaii,83857638
2016-01-01,15,Hawaii,85670434
2017-01-01,15,Hawaii,87436367
2018-01-01,15,Hawaii,88836402
2019-01-01,15,Hawaii,88855240
2020-01-01,15,Hawaii,79696785
2021-01-01,15,Hawaii,84532035
2022-01-01,15,Hawaii,87491233
2023-01-01,15,Hawaii,89642216
2024-01-01,15,Hawaii,91877966
2001-01-01,15,Hawaii,60446448
2002-01-01,15,Hawaii,62355155
2003-01-01,15,Hawaii,65623658
2004-01-01,15,Hawaii,69331961
2005-01-01,15,Hawaii,72941857
2006-01-01,15,Hawaii,74892933
2007-01-01,15,Hawaii,76434095
2008-01-01,15,Hawaii,76830203
2009-01-01,15,Hawaii,74118521
2010-01-01,15,Hawaii,76130166
2009-01-01,16,Idaho,61276051
2010-01-01,16,Idaho,62626418
2011-01-01,16,Idaho,62703983
2012-01-01,16,Idaho,62007288
2013-01-01,16,Idaho,64769794
2014-01-01,16,Idaho,66784897
2015-01-01,16,Idaho,67790538
2016-01-01,16,Idaho,70442505
2017-01-01,16,Idaho,72935116
2018-01-01,16,Idaho,77652137
2019-01-01,16,Idaho,81144257
2020-01-01,16,Idaho,82711640
2021-01-01,16,Idaho,88955152
2022-01-01,16,Idaho,92792481
2023-01-01,16,Idaho,95286478
2024-01-01,16,Idaho,99567334
2001-01-01,16,Idaho,48695420
2002-01-01,16,Idaho,49840510
2003-01-01,16,Idaho,51542561
2004-01-01,16,Idaho,55137063
2005-01-01,16,Idaho,59331913
2006-01-01,16,Idaho,60738580
2007-01-01,16,Idaho,61812075
2008-01-01,16,Idaho,63878180
2009-01-01,17,Illinois,740794302
2010-01-01,17,Illinois,755391375
2011-01-01,17,Illinois,772225623
2012-01-01,17,Illinois,790723271
2013-01-01,17,Illinois,795435232
2014-01-01,17,Illinois,811490102
2015-01-01,17,Illinois,825424943
2016-01-01,17,Illinois,826404691
2017-01-01,17,Illinois,832826821
2018-01-01,17,Illinois,851517192
2019-01-01,17,Illinois,858018321
2020-01-01,17,Illinois,810693082
2021-01-01,17,Illinois,857114585
2022-01-01,17,Illinois,872907485
2023-01-01,17,Illinois,884965268
2024-01-01,17,Illinois,899125864
2001-01-01,17,Illinois,688404254
2002-01-01,17,Illinois,692398081
2003-01-01,17,Illinois,703548764
2004-01-01,17,Illinois,726139030
2005-01-01,17,Illinois,741248580
2006-01-01,17,Illinois,759825672
2007-01-01,17,Illinois,769571627
2008-01-01,17,Illinois,759095327
2009-01-01,18,Indiana,299789016
2010-01-01,18,Indiana,320731753
2011-01-01,18,Indiana,321532778
2012-01-01,18,Indiana,323876247
2013-01-01,18,Indiana,333207355
2014-01-01,18,Indiana,343827774
2015-01-01,18,Indiana,341205184
2016-01-01,18,Indiana,348439193
2017-01-01,18,Indiana,357535761
2018-01-01,18,Indiana,368762945
2019-01-01,18,Indiana,370507207
2020-01-01,18,Indiana,359963578
2021-01-01,18,Indiana,386872751
2022-01-01,18,Indiana,393481497
2023-01-01,18,Indiana,400369543
2024-01-01,18,Indiana,412003374
2001-01-01,18,Indiana,273884440
2002-01-01,18,Indiana,280722997
2003-01-01,18,Indiana,293045179
2004-01-01,18,Indiana,303819771
2005-01-01,18,Indiana,306344585
2006-01-01,18,Indiana,312525549
2007-01-01,18,Indiana,322661718
2008-01-01,18,Indiana,322384267
2001-01-01,19,Iowa,128077543
2002-01-01,19,Iowa,131035207
2003-01-01,19,Iowa,137476895
2004-01-01,19,Iowa,149063210
2005-01-01,19,Iowa,153626763
2006-01-01,19,Iowa,155704453
2007-01-01,19,Iowa,162838055
2008-01-01,19,Iowa,160469102
2009-01-01,19,Iowa,156737176
2010-01-01,19,Iowa,161593058
2011-01-01,19,Iowa,164559278
2012-01-01,19,Iowa,170923725
2013-01-01,19,Iowa,171069145
2014-01-01,19,Iowa,180309935
2015-01-01,19,Iowa,185989189
2016-01-01,19,Iowa,186729878
2017-01-01,19,Iowa,187124993
2018-01-01,19,Iowa,189245131
2019-01-01,19,Iowa,188471397
2020-01-01,19,Iowa,187261682
2021-01-01,19,Iowa,202470637
2022-01-01,19,Iowa,202672531
2023-01-01,19,Iowa,201359774
2024-01-01,19,Iowa,206438928
2001-01-01,20,Kansas,119474054
2002-01-01,20,Kansas,121050453
2003-01-01,20,Kansas,123486685
2004-01-01,20,Kansas,124793232
2005-01-01,20,Kansas,129588206
2006-01-01,20,Kansas,136135805
2007-01-01,20,Kansas,143586593
2008-01-01,20,Kansas,147265037
2009-01-01,20,Kansas,141902512
2010-01-01,20,Kansas,143870087
2011-01-01,20,Kansas,147836794
2012-01-01,20,Kansas,150077075
2013-01-01,20,Kansas,150702889
2014-01-01,20,Kansas,154110108
2015-01-01,20,Kansas,158602592
2016-01-01,20,Kansas,164643717
2017-01-01,20,Kansas,166273557
2018-01-01,20,Kansas,169796876
2019-01-01,20,Kansas,169562265
2020-01-01,20,Kansas,166621390
2021-01-01,20,Kansas,170401178
2022-01-01,20,Kansas,177776099
2023-01-01,20,Kansas,180267528
2024-01-01,20,Kansas,181599646
2009-01-01,21,Kentucky,178112837
2010-01-01,21,Kentucky,186720558
2011-01-01,21,Kentucky,188389784
2012-01-01,21,Kentucky,192060141
2013-01-01,21,Kentucky,196698049
2014-01-01,21,Kentucky,196795825
2015-01-01,21,Kentucky,199487129
2016-01-01,21,Kentucky,201007150
2017-01-01,21,Kentucky,203563965
2018-01-01,21,Kentucky,205940089
2019-01-01,21,Kentucky,211783083
2020-01-01,21,Kentucky,206601879
2021-01-01,21,Kentucky,215534978
2022-01-01,21,Kentucky,220641816
2023-01-01,21,Kentucky,226942416
2024-01-01,21,Kentucky,230966362
2001-01-01,21,Kentucky,161316381
2002-01-01,21,Kentucky,165435295
2003-01-01,21,Kentucky,170481890
2004-01-01,21,Kentucky,175344567
2005-01-01,21,Kentucky,182017881
2006-01-01,21,Kentucky,186332640
2007-01-01,21,Kentucky,185790047
2008-01-01,21,Kentucky,186515929
2010-01-01,22,Louisiana,253466936
2011-01-01,22,Louisiana,241235869
2012-01-01,22,Louisiana,242416842
2013-01-01,22,Louisiana,236482281
2014-01-01,22,Louisiana,243042891
2015-01-01,22,Louisiana,239584133
2016-01-01,22,Louisiana,235554191
2017-01-01,22,Louisiana,239830737
2018-01-01,22,Louisiana,245220304
2019-01-01,22,Louisiana,246674444
2020-01-01,22,Louisiana,225636003
2021-01-01,22,Louisiana,242582074
2022-01-01,22,Louisiana,240043033
2023-01-01,22,Louisiana,248949396
2024-01-01,22,Louisiana,257055867
2001-01-01,22,Louisiana,210534660
2002-01-01,22,Louisiana,214856125
2003-01-01,22,Louisiana,223576040
2004-01-01,22,Louisiana,234620824
2005-01-01,22,Louisiana,249560897
2006-01-01,22,Louisiana,247139726
2007-01-01,22,Louisiana,234216420
2008-01-01,22,Louisiana,237061610
2009-01-01,22,Louisiana,241868813
2010-01-01,23,Maine,59958526
2009-01-01,23,Maine,58771837
2008-01-01,23,Maine,59845088
2007-01-01,23,Maine,60032647
2006-01-01,23,Maine,59985952
2005-01-01,23,Maine,59589666
2004-01-01,23,Maine,58934847
2003-01-01,23,Maine,56882376
2002-01-01,23,Maine,55406487
2001-01-01,23,Maine,54066164
2024-01-01,23,Maine,77758621
2023-01-01,23,Maine,75514042
2022-01-01,23,Maine,72884355
2021-01-01,23,Maine,71353454
2020-01-01,23,Maine,67639172
2019-01-01,23,Maine,66758382
2018-01-01,23,Maine,64806287
2017-01-01,23,Maine,63000596
2016-01-01,23,Maine,62037088
2015-01-01,23,Maine,60562978
2014-01-01,23,Maine,59589798
2013-01-01,23,Maine,59013939
2012-01-01,23,Maine,59181697
2011-01-01,23,Maine,59429729
2009-01-01,24,Maryland,336285758
2010-01-01,24,Maryland,352622878
2011-01-01,24,Maryland,360155864
2012-01-01,24,Maryland,361561816
2013-01-01,24,Maryland,364633242
2014-01-01,24,Maryland,370343936
2015-01-01,24,Maryland,378745902
2016-01-01,24,Maryland,391950935
2017-01-01,24,Maryland,399714534
2018-01-01,24,Maryland,402480892
2019-01-01,24,Maryland,402506244
2020-01-01,24,Maryland,389178622
2021-01-01,24,Maryland,407160094
2022-01-01,24,Maryland,412670663
2023-01-01,24,Maryland,420557959
2024-01-01,24,Maryland,433105905
2001-01-01,24,Maryland,281053611
2002-01-01,24,Maryland,290400312
2003-01-01,24,Maryland,297690592
2004-01-01,24,Maryland,311504756
2005-01-01,24,Maryland,325644492
2006-01-01,24,Maryland,329874003
2007-01-01,24,Maryland,331763540
2008-01-01,24,Maryland,338165407
2001-01-01,25,Massachusetts,388180849
2002-01-01,25,Massachusetts,388451607
2003-01-01,25,Massachusetts,397069872
2004-01-01,25,Massachusetts,407886035
2005-01-01,25,Massachusetts,417075605
2006-01-01,25,Massachusetts,426926105
2007-01-01,25,Massachusetts,440373821
2008-01-01,25,Massachusetts,447526788
2009-01-01,25,Massachusetts,441307571
2010-01-01,25,Massachusetts,462330768
2011-01-01,25,Massachusetts,472664251
2012-01-01,25,Massachusetts,483286306
2013-01-01,25,Massachusetts,486991788
2014-01-01,25,Massachusetts,496250920
2015-01-01,25,Massachusetts,514398745
2016-01-01,25,Massachusetts,521662771
2017-01-01,25,Massachusetts,530129429
2018-01-01,25,Massachusetts,549262072
2019-01-01,25,Massachusetts,566326787
2020-01-01,25,Massachusetts,560395793
2021-01-01,25,Massachusetts,597420007
2022-01-01,25,Massachusetts,607470623
2023-01-01,25,Massachusetts,614786116
2024-01-01,25,Massachusetts,628786940
2011-01-01,26,Michigan,453989070
2012-01-01,26,Michigan,463302557
2013-01-01,26,Michigan,472779860
2014-01-01,26,Michigan,479534941
2015-01-01,26,Michigan,490618679
2016-01-01,26,Michigan,500159534
2017-01-01,26,Michigan,505101516
2018-01-01,26,Michigan,516842963
2019-01-01,26,Michigan,521085050
2020-01-01,26,Michigan,502622285
2021-01-01,26,Michigan,528701754
2022-01-01,26,Michigan,539807471
2023-01-01,26,Michigan,554556227
2024-01-01,26,Michigan,562177628
2001-01-01,26,Michigan,453301454
2002-01-01,26,Michigan,465788388
2003-01-01,26,Michigan,477085414
2004-01-01,26,Michigan,485082677
2005-01-01,26,Michigan,493796257
2006-01-01,26,Michigan,483763581
2007-01-01,26,Michigan,482935051
2008-01-01,26,Michigan,455256658
2009-01-01,26,Michigan,416297069
2010-01-01,26,Michigan,441271527
2011-01-01,27,Minnesota,315213316
2012-01-01,27,Minnesota,321053857
2013-01-01,27,Minnesota,329774497
2014-01-01,27,Minnesota,338623914
2015-01-01,27,Minnesota,345456250
2016-01-01,27,Minnesota,350603608
2017-01-01,27,Minnesota,354721890
2018-01-01,27,Minnesota,364799702
2019-01-01,27,Minnesota,369617386
2020-01-01,27,Minnesota,357831524
2021-01-01,27,Minnesota,377975798
2022-01-01,27,Minnesota,385921761
2023-01-01,27,Minnesota,389864488
2024-01-01,27,Minnesota,399253322
2001-01-01,27,Minnesota,263518737
2002-01-01,27,Minnesota,268982848
2003-01-01,27,Minnesota,280796863
2004-01-01,27,Minnesota,293753938
2005-01-01,27,Minnesota,301761219
2006-01-01,27,Minnesota,302272714
2007-01-01,27,Minnesota,304208003
2008-01-01,27,Minnesota,309290354
2009-01-01,27,Minnesota,296875220
2010-01-01,27,Minnesota,308091853
2001-01-01,28,Mississippi,93515481
2002-01-01,28,Mississippi,94561460
2003-01-01,28,Mississippi,98762106
2004-01-01,28,Mississippi,101369486
2005-01-01,28,Mississippi,103691757
2006-01-01,28,Mississippi,105879896
2007-01-01,28,Mississippi,107713862
2008-01-01,28,Mississippi,109434038
2009-01-01,28,Mississippi,105360020
2010-01-01,28,Mississippi,106711769
2011-01-01,28,Mississippi,106491064
2012-01-01,28,Mississippi,108646459
2013-01-01,28,Mississippi,109032695
2014-01-01,28,Mississippi,109299569
2015-01-01,28,Mississippi,109401724
2016-01-01,28,Mississippi,109911027
2017-01-01,28,Mississippi,110281427
2018-01-01,28,Mississippi,110174777
2019-01-01,28,Mississippi,111207799
2020-01-01,28,Mississippi,111195012
2021-01-01,28,Mississippi,116078364
2022-01-01,28,Mississippi,115700338
2023-01-01,28,Mississippi,119454193
2024-01-01,28,Mississippi,123419283
2001-01-01,29,Missouri,260381100
2002-01-01,29,Missouri,264997650
2003-01-01,29,Missouri,271970479
2004-01-01,29,Missouri,279128189
2005-01-01,29,Missouri,285341740
2006-01-01,29,Missouri,286558332
2007-01-01,29,Missouri,288320839
2008-01-01,29,Missouri,297881763
2009-01-01,29,Missouri,289566782
2010-01-01,29,Missouri,295986430
2011-01-01,29,Missouri,292984242
2012-01-01,29,Missouri,296514292
2013-01-01,29,Missouri,302025663
2014-01-01,29,Missouri,303617847
2015-01-01,29,Missouri,308009904
2016-01-01,29,Missouri,308423302
2017-01-01,29,Missouri,311273761
2018-01-01,29,Missouri,314182398
2019-01-01,29,Missouri,321329082
2020-01-01,29,Missouri,316158585
2021-01-01,29,Missouri,331577962
2022-01-01,29,Missouri,337225445
2023-01-01,29,Missouri,346895311
2024-01-01,29,Missouri,353307390
2007-01-01,30,Montana,42057663
2008-01-01,30,Montana,42049328
2009-01-01,30,Montana,40938421
2010-01-01,30,Montana,42469794
2011-01-01,30,Montana,43532195
2012-01-01,30,Montana,44329081
2013-01-01,30,Montana,45114692
2014-01-01,30,Montana,46166675
2015-01-01,30,Montana,47765609
2016-01-01,30,Montana,47189605
2017-01-01,30,Montana,48470545
2018-01-01,30,Montana,49454951
2019-01-01,30,Montana,50263472
2020-01-01,30,Montana,50062916
2021-01-01,30,Montana,53345910
2022-01-01,30,Montana,55806896
2023-01-01,30,Montana,58604871
2024-01-01,30,Montana,60605713
2001-01-01,30,Montana,32689630
2002-01-01,30,Montana,33663844
2003-01-01,30,Montana,35249512
2004-01-01,30,Montana,36949912
2005-01-01,30,Montana,38848976
2006-01-01,30,Montana,40055038
2001-01-01,31,Nebraska,82268061
2002-01-01,31,Nebraska,83433233
2003-01-01,31,Nebraska,88310697
2004-01-01,31,Nebraska,90607570
2005-01-01,31,Nebraska,94555959
2006-01-01,31,Nebraska,97322776
2007-01-01,31,Nebraska,99780730
2008-01-01,31,Nebraska,99860115
2009-01-01,31,Nebraska,99986382
2010-01-01,31,Nebraska,103940811
2011-01-01,31,Nebraska,109734204
2012-01-01,31,Nebraska,109686280
2013-01-01,31,Nebraska,111382221
2014-01-01,31,Nebraska,115651916
2015-01-01,31,Nebraska,119640844
2016-01-01,31,Nebraska,121303098
2017-01-01,31,Nebraska,123219865
2018-01-01,31,Nebraska,125543447
2019-01-01,31,Nebraska,127568888
2020-01-01,31,Nebraska,126711228
2021-01-01,31,Nebraska,135166364
2022-01-01,31,Nebraska,139878099
2023-01-01,31,Nebraska,147146536
2024-01-01,31,Nebraska,148102798
2009-01-01,32,Nevada,140304326
2010-01-01,32,Nevada,142614154
2011-01-01,32,Nevada,144341195
2012-01-01,32,Nevada,142986066
2013-01-01,32,Nevada,144549285
2014-01-01,32,Nevada,145303555
2015-01-01,32,Nevada,151055866
2016-01-01,32,Nevada,156007391
2017-01-01,32,Nevada,163199058
2018-01-01,32,Nevada,168638546
2019-01-01,32,Nevada,176029722
2020-01-01,32,Nevada,165924814
2021-01-01,32,Nevada,182618342
2022-01-01,32,Nevada,194463904
2023-01-01,32,Nevada,201158603
2024-01-01,32,Nevada,207351867
2001-01-01,32,Nevada,116267250
2002-01-01,32,Nevada,120180066
2003-01-01,32,Nevada,125905375
2004-01-01,32,Nevada,139372999
2005-01-01,32,Nevada,150680865
2006-01-01,32,Nevada,156297854
2007-01-01,32,Nevada,157734325
2008-01-01,32,Nevada,152745628
2001-01-01,33,New Hampshire,61719433
2002-01-01,33,New Hampshire,63474207
2003-01-01,33,New Hampshire,66119382
2004-01-01,33,New Hampshire,68428131
2005-01-01,33,New Hampshire,69556141
2006-01-01,33,New Hampshire,71424518
2007-01-01,33,New Hampshire,71943489
2008-01-01,33,New Hampshire,71195646
2009-01-01,33,New Hampshire,70498580
2010-01-01,33,New Hampshire,72950374
2011-01-01,33,New Hampshire,73464967
2012-01-01,33,New Hampshire,74082814
2013-01-01,33,New Hampshire,75503436
2014-01-01,33,New Hampshire,76836226
2015-01-01,33,New Hampshire,79319322
2016-01-01,33,New Hampshire,80736110
2017-01-01,33,New Hampshire,81179571
2018-01-01,33,New Hampshire,82269495
2019-01-01,33,New Hampshire,84438198
2020-01-01,33,New Hampshire,83682857
2021-01-01,33,New Hampshire,90296713
2022-01-01,33,New Hampshire,91702097
2023-01-01,33,New Hampshire,93645794
2024-01-01,33,New Hampshire,94925966
2001-01-01,34,New Jersey,509631484
2002-01-01,34,New Jersey,517752210
2003-01-01,34,New Jersey,529815914
2004-01-01,34,New Jersey,536174006
2005-01-01,34,New Jersey,546357781
2006-01-01,34,New Jersey,555210982
2007-01-01,34,New Jersey,560823795
2008-01-01,34,New Jersey,573202674
2009-01-01,34,New Jersey,546362196
2010-01-01,34,New Jersey,554764355
2011-01-01,34,New Jersey,548479344
2012-01-01,34,New Jersey,560729738
2013-01-01,34,New Jersey,570952438
2014-01-01,34,New Jersey,570696371
2015-01-01,34,New Jersey,581414922
2016-01-01,34,New Jersey,587049652
2017-01-01,34,New Jersey,590086737
2018-01-01,34,New Jersey,606892203
2019-01-01,34,New Jersey,618690954
2020-01-01,34,New Jersey,598481323
2021-01-01,34,New Jersey,631158288
2022-01-01,34,New Jersey,648512419
2023-01-01,34,New Jersey,662320137
2024-01-01,34,New Jersey,675897582
2001-01-01,35,New Mexico,72996409
2002-01-01,35,New Mexico,75345940
2003-01-01,35,New Mexico,78766781
2004-01-01,35,New Mexico,85750994
2005-01-01,35,New Mexico,86295933
2006-01-01,35,New Mexico,88554483
2007-01-01,35,New Mexico,89392345
2008-01-01,35,New Mexico,89012850
2009-01-01,35,New Mexico,90829180
2010-01-01,35,New Mexico,90721033
2011-01-01,35,New Mexico,90552302
2012-01-01,35,New Mexico,90762379
2013-01-01,35,New Mexico,90104025
2014-01-01,35,New Mexico,92621054
2015-01-01,35,New Mexico,93503891
2016-01-01,35,New Mexico,93043510
2017-01-01,35,New Mexico,93210058
2018-01-01,35,New Mexico,96077043
2019-01-01,35,New Mexico,100342190
2020-01-01,35,New Mexico,98004013
2021-01-01,35,New Mexico,101499200
2022-01-01,35,New Mexico,104212825
2023-01-01,35,New Mexico,114059230
2024-01-01,35,New Mexico,119044478
2007-01-01,36,New York,1353798930
2008-01-01,36,New York,1328095698
2009-01-01,36,New York,1379504556
2010-01-01,36,New York,1431624004
2011-01-01,36,New York,1440346783
2012-01-01,36,New York,1496280128
2013-01-01,36,New York,1501818048
2014-01-01,36,New York,1535375930
2015-01-01,36,New York,1565835160
2016-01-01,36,New York,1590567799
2017-01-01,36,New York,1624800665
2018-01-01,36,New York,1665186762
2019-01-01,36,New York,1704364321
2020-01-01,36,New York,1667234838
2021-01-01,36,New York,1750551186
2022-01-01,36,New York,1781554113
2023-01-01,36,New York,1793384525
2024-01-01,36,New York,1840059266
2001-01-01,36,New York,1240755230
2002-01-01,36,New York,1228580763
2003-01-01,36,New York,1236563061
2004-01-01,36,New York,1269433125
2005-01-01,36,New York,1301438005
2006-01-01,36,New York,1339568524
2023-01-01,37,North Carolina,643045796
2024-01-01,37,North Carolina,664131646
2001-01-01,37,North Carolina,387433915
2002-01-01,37,North Carolina,393685863
2003-01-01,37,North Carolina,404582505
2004-01-01,37,North Carolina,420579406
2005-01-01,37,North Carolina,442305623
2006-01-01,37,North Carolina,470663854
2007-01-01,37,North Carolina,477920775
2008-01-01,37,North Carolina,492688763
2009-01-01,37,North Carolina,473610474
2010-01-01,37,North Carolina,482030392
2011-01-01,37,North Carolina,484200276
2012-01-01,37,North Carolina,488126533
2013-01-01,37,North Carolina,497456561
2014-01-01,37,North Carolina,509782385
2015-01-01,37,North Carolina,525229133
2016-01-01,37,North Carolina,536308527
2017-01-01,37,North Carolina,546810139
2018-01-01,37,North Carolina,556573693
2019-01-01,37,North Carolina,567975016
2020-01-01,37,North Carolina,564278759
2021-01-01,37,North Carolina,599293818
2022-01-01,37,North Carolina,620666459
2011-01-01,38,North Dakota,43300419
2010-01-01,38,North Dakota,38697406
2009-01-01,38,North Dakota,35971273
2008-01-01,38,North Dakota,35030391
2007-01-01,38,North Dakota,32528990
2006-01-01,38,North Dakota,30911368
2005-01-01,38,North Dakota,29629028
2004-01-01,38,North Dakota,28636235
2003-01-01,38,North Dakota,28326734
2002-01-01,38,North Dakota,26592117
2001-01-01,38,North Dakota,25329792
2024-01-01,38,North Dakota,63366354
2023-01-01,38,North Dakota,62114745
2022-01-01,38,North Dakota,57031062
2021-01-01,38,North Dakota,57351344
2020-01-01,38,North Dakota,56602829
2019-01-01,38,North Dakota,59408464
2018-01-01,38,North Dakota,58516353
2017-01-01,38,North Dakota,56530212
2016-01-01,38,North Dakota,54756031
2015-01-01,38,North Dakota,58694473
2014-01-01,38,North Dakota,60192970
2013-01-01,38,North Dakota,54690941
2012-01-01,38,North Dakota,53326806
2001-01-01,39,Ohio,534612360
2002-01-01,39,Ohio,546688202
2003-01-01,39,Ohio,557024452
2004-01-01,39,Ohio,572308497
2005-01-01,39,Ohio,584867668
2006-01-01,39,Ohio,582637629
2007-01-01,39,Ohio,585402954
2008-01-01,39,Ohio,580389046
2009-01-01,39,Ohio,550982383
2010-01-01,39,Ohio,563816266
2011-01-01,39,Ohio,580251353
2012-01-01,39,Ohio,586540926
2013-01-01,39,Ohio,603057362
2014-01-01,39,Ohio,624973400
2015-01-01,39,Ohio,633274797
2016-01-01,39,Ohio,638157483
2017-01-01,39,Ohio,652187459
2018-01-01,39,Ohio,656212004
2019-01-01,39,Ohio,674063934
2020-01-01,39,Ohio,655730074
2021-01-01,39,Ohio,691629995
2022-01-01,39,Ohio,694473369
2023-01-01,39,Ohio,707996246
2024-01-01,39,Ohio,721997309
2008-01-01,40,Oklahoma,158987754
2007-01-01,40,Oklahoma,152879572
2006-01-01,40,Oklahoma,149367146
2005-01-01,40,Oklahoma,140360102
2004-01-01,40,Oklahoma,134606646
2003-01-01,40,Oklahoma,130147794
2002-01-01,40,Oklahoma,127930241
2001-01-01,40,Oklahoma,125695701
2024-01-01,40,Oklahoma,210315910
2023-01-01,40,Oklahoma,207072700
2022-01-01,40,Oklahoma,194170854
2021-01-01,40,Oklahoma,194991214
2020-01-01,40,Oklahoma,191376979
2019-01-01,40,Oklahoma,200072209
2018-01-01,40,Oklahoma,196030507
2017-01-01,40,Oklahoma,192538613
2016-01-01,40,Oklahoma,190093471
2015-01-01,40,Oklahoma,193792588
2014-01-01,40,Oklahoma,186574444
2013-01-01,40,Oklahoma,176086805
2012-01-01,40,Oklahoma,172016039
2011-01-01,40,Oklahoma,163859302
2010-01-01,40,Oklahoma,158086399
2009-01-01,40,Oklahoma,156856808
2001-01-01,41,Oregon,144486532
2002-01-01,41,Oregon,147432841
2003-01-01,41,Oregon,154445322
2004-01-01,41,Oregon,163046121
2005-01-01,41,Oregon,168734422
2006-01-01,41,Oregon,177222425
2007-01-01,41,Oregon,180724295
2008-01-01,41,Oregon,184842595
2009-01-01,41,Oregon,176951635
2010-01-01,41,Oregon,180738194
2011-01-01,41,Oregon,185959404
2012-01-01,41,Oregon,187352391
2013-01-01,41,Oregon,189609749
2014-01-01,41,Oregon,195808217
2015-01-01,41,Oregon,205581804
2016-01-01,41,Oregon,214769301
2017-01-01,41,Oregon,225534544
2018-01-01,41,Oregon,234308332
2019-01-01,41,Oregon,239794808
2020-01-01,41,Oregon,236651446
2021-01-01,41,Oregon,250919851
2022-01-01,41,Oregon,254237474
2023-01-01,41,Oregon,258023377
2024-01-01,41,Oregon,263347671
2001-01-01,42,Pennsylvania,577677457
2002-01-01,42,Pennsylvania,583507433
2003-01-01,42,Pennsylvania,598809508
2004-01-01,42,Pennsylvania,614957107
2005-01-01,42,Pennsylvania,626290144
2006-01-01,42,Pennsylvania,626589933
2007-01-01,42,Pennsylvania,649638062
2008-01-01,42,Pennsylvania,665148308
2009-01-01,42,Pennsylvania,645206702
2010-01-01,42,Pennsylvania,666805833
2011-01-01,42,Pennsylvania,676468333
2012-01-01,42,Pennsylvania,689007041
2013-01-01,42,Pennsylvania,704195021
2014-01-01,42,Pennsylvania,718691570
2015-01-01,42,Pennsylvania,734145090
2016-01-01,42,Pennsylvania,744847129
2017-01-01,42,Pennsylvania,754318029
2018-01-01,42,Pennsylvania,763855357
2019-01-01,42,Pennsylvania,771852456
2020-01-01,42,Pennsylvania,738176117
2021-01-01,42,Pennsylvania,766139991
2022-01-01,42,Pennsylvania,776824743
2023-01-01,42,Pennsylvania,789918494
2024-01-01,42,Pennsylvania,803232536
2001-01-01,44,Rhode Island,49705159
2002-01-01,44,Rhode Island,51284341
2003-01-01,44,Rhode Island,52933114
2004-01-01,44,Rhode Island,55160485
2005-01-01,44,Rhode Island,55885918
2006-01-01,44,Rhode Island,57415808
2007-01-01,44,Rhode Island,56230541
2008-01-01,44,Rhode Island,54977076
2009-01-01,44,Rhode Island,54481456
2010-01-01,44,Rhode Island,56050592
2011-01-01,44,Rhode Island,56026561
2012-01-01,44,Rhode Island,56487375
2013-01-01,44,Rhode Island,57037208
2014-01-01,44,Rhode Island,57602681
2015-01-01,44,Rhode Island,58387945
2016-01-01,44,Rhode Island,58629978
2017-01-01,44,Rhode Island,58771553
2018-01-01,44,Rhode Island,58740143
2019-01-01,44,Rhode Island,60157586
2020-01-01,44,Rhode Island,58132267
2021-01-01,44,Rhode Island,60660011
2022-01-01,44,Rhode Island,61517303
2023-01-01,44,Rhode Island,62119264
2024-01-01,44,Rhode Island,63459122
2002-01-01,45,South Carolina,167333032
2001-01-01,45,South Carolina,162837062
2024-01-01,45,South Carolina,278032803
2023-01-01,45,South Carolina,266037768
2022-01-01,45,South Carolina,256608477
2021-01-01,45,South Carolina,245812023
2020-01-01,45,South Carolina,233294365
2019-01-01,45,South Carolina,239021317
2018-01-01,45,South Carolina,231663274
2017-01-01,45,South Carolina,224937579
2016-01-01,45,South Carolina,220559341
2015-01-01,45,South Carolina,213212377
2014-01-01,45,South Carolina,206077883
2013-01-01,45,South Carolina,200147292
2012-01-01,45,South Carolina,195406148
2011-01-01,45,South Carolina,193221008
2010-01-01,45,South Carolina,188777169
2009-01-01,45,South Carolina,184081292
2008-01-01,45,South Carolina,192497138
2007-01-01,45,South Carolina,193386551
2006-01-01,45,South Carolina,187386059
2005-01-01,45,South Carolina,183267536
2004-01-01,45,South Carolina,177169370
2003-01-01,45,South Carolina,174270810
2001-01-01,46,South Dakota,32396924
2024-01-01,46,South Dakota,57717977
2023-01-01,46,South Dakota,57253037
2022-01-01,46,South Dakota,55257206
2021-01-01,46,South Dakota,56015434
2020-01-01,46,South Dakota,53349239
2019-01-01,46,South Dakota,52510223
2018-01-01,46,South Dakota,51937814
2017-01-01,46,South Dakota,51615065
2016-01-01,46,South Dakota,51264324
2015-01-01,46,South Dakota,50860751
2014-01-01,46,South Dakota,49640865
2013-01-01,46,South Dakota,48610061
2012-01-01,46,South Dakota,48653884
2011-01-01,46,South Dakota,47630336
2010-01-01,46,South Dakota,44810730
2009-01-01,46,South Dakota,44255803
2008-01-01,46,South Dakota,43278516
2007-01-01,46,South Dakota,41646169
2006-01-01,46,South Dakota,39961632
2005-01-01,46,South Dakota,39330564
2004-01-01,46,South Dakota,37616551
2003-01-01,46,South Dakota,36141857
2002-01-01,46,South Dakota,35775980
2001-01-01,47,Tennessee,250311438
2002-01-01,47,Tennessee,258542366
2003-01-01,47,Tennessee,267589422
2004-01-01,47,Tennessee,281564198
2005-01-01,47,Tennessee,289064255
2006-01-01,47,Tennessee,295668201
2007-01-01,47,Tennessee,294819816
2008-01-01,47,Tennessee,298526876
2009-01-01,47,Tennessee,287308845
2010-01-01,47,Tennessee,292686951
2011-01-01,47,Tennessee,301508885
2012-01-01,47,Tennessee,311754151
2013-01-01,47,Tennessee,318347920
2014-01-01,47,Tennessee,323879637
2015-01-01,47,Tennessee,335461078
2016-01-01,47,Tennessee,343544924
2017-01-01,47,Tennessee,355417465
2018-01-01,47,Tennessee,362363704
2019-01-01,47,Tennessee,370197434
2020-01-01,47,Tennessee,368057048
2021-01-01,47,Tennessee,401673671
2022-01-01,47,Tennessee,415451558
2023-01-01,47,Tennessee,428276141
2024-01-01,47,Tennessee,440200184
2001-01-01,48,Texas,1020517032
2002-01-01,48,Texas,1042584367
2003-01-01,48,Texas,1052132349
2004-01-01,48,Texas,1111189147
2005-01-01,48,Texas,1143413077
2006-01-01,48,Texas,1225147261
2007-01-01,48,Texas,1288828678
2008-01-01,48,Texas,1287191538
2009-01-01,48,Texas,1285560204
2010-01-01,48,Texas,1323059067
2011-01-01,48,Texas,1370174901
2012-01-01,48,Texas,1438354410
2013-01-01,48,Texas,1511806546
2014-01-01,48,Texas,1559636095
2015-01-01,48,Texas,1634127089
2016-01-01,48,Texas,1633863306
2017-01-01,48,Texas,1667313043
2018-01-01,48,Texas,1746543257
2019-01-01,48,Texas,1806736077
2020-01-01,48,Texas,1782738226
2021-01-01,48,Texas,1905512407
2022-01-01,48,Texas,1975164033
2023-01-01,48,Texas,2137536692
2024-01-01,48,Texas,2221943292
2001-01-01,49,Utah,100244341
2002-01-01,49,Utah,102828054
2003-01-01,49,Utah,104829230
2004-01-01,49,Utah,111318873
2005-01-01,49,Utah,118430200
2006-01-01,49,Utah,127539423
2007-01-01,49,Utah,133799806
2008-01-01,49,Utah,133662879
2009-01-01,49,Utah,130958640
2010-01-01,49,Utah,133739071
2011-01-01,49,Utah,138301056
2012-01-01,49,Utah,140622492
2013-01-01,49,Utah,145026883
2014-01-01,49,Utah,150076296
2015-01-01,49,Utah,155431501
2016-01-01,49,Utah,162528245
2017-01-01,49,Utah,172075043
2018-01-01,49,Utah,182106012
2019-01-01,49,Utah,192760581
2020-01-01,49,Utah,195323175
2021-01-01,49,Utah,211289469
2022-01-01,49,Utah,217848812
2023-01-01,49,Utah,226322094
2024-01-01,49,Utah,234300566
2001-01-01,50,Vermont,25681811
2002-01-01,50,Vermont,26522838
2003-01-01,50,Vermont,27548116
2004-01-01,50,Vermont,28989183
2005-01-01,50,Vermont,29283221
2006-01-01,50,Vermont,29420875
2007-01-01,50,Vermont,29296631
2008-01-01,50,Vermont,30168649
2009-01-01,50,Vermont,29565738
2010-01-01,50,Vermont,30890645
2011-01-01,50,Vermont,31663596
2012-01-01,50,Vermont,31898139
2013-01-01,50,Vermont,31494602
2014-01-01,50,Vermont,31847684
2015-01-01,50,Vermont,32042859
2016-01-01,50,Vermont,32312674
2017-01-01,50,Vermont,32589227
2018-01-01,50,Vermont,32827757
2019-01-01,50,Vermont,33339435
2020-01-01,50,Vermont,32408738
2021-01-01,50,Vermont,33584337
2022-01-01,50,Vermont,34915898
2023-01-01,50,Vermont,35499423
2024-01-01,50,Vermont,36398905
2001-01-01,51,Virginia,386444742
2002-01-01,51,Virginia,390242390
2003-01-01,51,Virginia,404522231
2004-01-01,51,Virginia,421744430
2005-01-01,51,Virginia,442089548
2006-01-01,51,Virginia,451263106
2007-01-01,51,Virginia,457568894
2008-01-01,51,Virginia,462034720
2009-01-01,51,Virginia,460075252
2010-01-01,51,Virginia,475699292
2011-01-01,51,Virginia,479571404
2012-01-01,51,Virginia,483041359
2013-01-01,51,Virginia,488741274
2014-01-01,51,Virginia,488918588
2015-01-01,51,Virginia,498943604
2016-01-01,51,Virginia,505107730
2017-01-01,51,Virginia,515167162
2018-01-01,51,Virginia,527767531
2019-01-01,51,Virginia,541027958
2020-01-01,51,Virginia,535224364
2021-01-01,51,Virginia,565790662
2022-01-01,51,Virginia,579301843
2023-01-01,51,Virginia,599260965
2024-01-01,51,Virginia,613708694
2001-01-01,53,Washington,317860579
2002-01-01,53,Washington,321977108
2003-01-01,53,Washington,327645232
2004-01-01,53,Washington,335449261
2005-01-01,53,Washington,358396321
2006-01-01,53,Washington,372145035
2007-01-01,53,Washington,394221923
2008-01-01,53,Washington,401093171
2009-01-01,53,Washington,390813969
2010-01-01,53,Washington,403471316
2011-01-01,53,Washington,411575705
2012-01-01,53,Washington,426447018
2013-01-01,53,Washington,439472182
2014-01-01,53,Washington,456186522
2015-01-01,53,Washington,476715369
2016-01-01,53,Washington,495724874
2017-01-01,53,Washington,527169356
2018-01-01,53,Washington,561785734
2019-01-01,53,Washington,588794408
2020-01-01,53,Washington,587167777
2021-01-01,53,Washington,626122169
2022-01-01,53,Washington,643017568
2023-01-01,53,Washington,670977817
2024-01-01,53,Washington,702232288
2007-01-01,54,West Virginia,69374083
2008-01-01,54,West Virginia,70966758
2009-01-01,54,West Virginia,70886497
2010-01-01,54,West Virginia,71823772
2011-01-01,54,West Virginia,73175181
2012-01-01,54,West Virginia,73124528
2013-01-01,54,West Virginia,73948954
2014-01-01,54,West Virginia,74111275
2015-01-01,54,West Virginia,74261375
2016-01-01,54,West Virginia,73513255
2017-01-01,54,West Virginia,75172448
2018-01-01,54,West Virginia,77406536
2019-01-01,54,West Virginia,77162193
2020-01-01,54,West Virginia,74729629
2021-01-01,54,West Virginia,76230843
2022-01-01,54,West Virginia,77549096
2023-01-01,54,West Virginia,80364938
2024-01-01,54,West Virginia,82716452
2001-01-01,54,West Virginia,63599758
2002-01-01,54,West Virginia,64465686
2003-01-01,54,West Virginia,65106806
2004-01-01,54,West Virginia,66077577
2005-01-01,54,West Virginia,67888756
2006-01-01,54,West Virginia,68900010
2001-01-01,55,Wisconsin,252941835
2002-01-01,55,Wisconsin,257966938
2003-01-01,55,Wisconsin,265745807
2004-01-01,55,Wisconsin,275412405
2005-01-01,55,Wisconsin,282065657
2006-01-01,55,Wisconsin,287146577
2007-01-01,55,Wisconsin,289855233
2008-01-01,55,Wisconsin,286204709
2009-01-01,55,Wisconsin,277279381
2010-01-01,55,Wisconsin,287652877
2011-01-01,55,Wisconsin,293663960
2012-01-01,55,Wisconsin,299007637
2013-01-01,55,Wisconsin,301550506
2014-01-01,55,Wisconsin,309425837
2015-01-01,55,Wisconsin,315687778
2016-01-01,55,Wisconsin,319272276
2017-01-01,55,Wisconsin,321886779
2018-01-01,55,Wisconsin,328832367
2019-01-01,55,Wisconsin,333256767
2020-01-01,55,Wisconsin,324014383
2021-01-01,55,Wisconsin,334848617
2022-01-01,55,Wisconsin,341875214
2023-01-01,55,Wisconsin,347108222
2024-01-01,55,Wisconsin,354382123
2001-01-01,56,Wyoming,28338117
2002-01-01,56,Wyoming,28901290
2003-01-01,56,Wyoming,29806642
2004-01-01,56,Wyoming,30780132
2005-01-01,56,Wyoming,32463117
2006-01-01,56,Wyoming,36655636
2007-01-01,56,Wyoming,39504839
2008-01-01,56,Wyoming,41641237
2009-01-01,56,Wyoming,40599568
2010-01-01,56,Wyoming,39135847
2011-01-01,56,Wyoming,38929822
2012-01-01,56,Wyoming,38084983
2013-01-01,56,Wyoming,38408734
2014-01-01,56,Wyoming,39287223
2015-01-01,56,Wyoming,40063871
2016-01-01,56,Wyoming,37853539
2017-01-01,56,Wyoming,37620307
2018-01-01,56,Wyoming,37977192
2019-01-01,56,Wyoming,38577118
2020-01-01,56,Wyoming,36463517
2021-01-01,56,Wyoming,37182593
2022-01-01,56,Wyoming,37690571
2023-01-01,56,Wyoming,39843229
2024-01-01,56,Wyoming,39780691
2001-01-01,91,New England,815552416
2002-01-01,91,New England,819333731
2003-01-01,91,New England,837234287
2004-01-01,91,New England,871834386
2005-01-01,91,New England,889361439
2006-01-01,91,New England,914340548
2007-01-01,91,New England,936059913
2008-01-01,91,New England,941279160
2009-01-01,91,New England,920013421
2010-01-01,91,New England,948885343
2011-01-01,91,New England,954794908
2012-01-01,91,New England,968580069
2013-01-01,91,New England,968966586
2014-01-01,91,New England,982746180
2015-01-01,91,New England,1013587488
2016-01-01,91,New England,1023574227
2017-01-01,91,New England,1039545446
2018-01-01,91,New England,1062478003
2019-01-01,91,New England,1086223717
2020-01-01,91,New England,1063954451
2021-01-01,91,New England,1124003936
2022-01-01,91,New England,1147761814
2023-01-01,91,New England,1164771434
2024-01-01,91,New England,1187475701
2001-01-01,92,Mideast,2771541685
2002-01-01,92,Mideast,2784056153
2003-01-01,92,Mideast,2829745761
2004-01-01,92,Mideast,2907954735
2005-01-01,92,Mideast,2976619316
2006-01-01,92,Mideast,3029492023
2007-01-01,92,Mideast,3077936798
2008-01-01,92,Mideast,3089355446
2009-01-01,92,Mideast,3092498188
2010-01-01,92,Mideast,3194703135
2011-01-01,92,Mideast,3219506525
2012-01-01,92,Mideast,3301293996
2013-01-01,92,Mideast,3334509232
2014-01-01,92,Mideast,3395872868
2015-01-01,92,Mideast,3465391013
2016-01-01,92,Mideast,3518584521
2017-01-01,92,Mideast,3572774364
2018-01-01,92,Mideast,3647342192
2019-01-01,92,Mideast,3711064230
2020-01-01,92,Mideast,3603890361
2021-01-01,92,Mideast,3773854686
2022-01-01,92,Mideast,3844101796
2023-01-01,92,Mideast,3891908824
2024-01-01,92,Mideast,3983256319
2001-01-01,93,Great Lakes,2203149089
2002-01-01,93,Great Lakes,2243919009
2003-01-01,93,Great Lakes,2296970504
2004-01-01,93,Great Lakes,2363124339
2005-01-01,93,Great Lakes,2408650149
2006-01-01,93,Great Lakes,2425979694
2007-01-01,93,Great Lakes,2450466500
2008-01-01,93,Great Lakes,2403345996
2009-01-01,93,Great Lakes,2284891859
2010-01-01,93,Great Lakes,2368842329
2011-01-01,93,Great Lakes,2421624389
2012-01-01,93,Great Lakes,2463334033
2013-01-01,93,Great Lakes,2505982390
2014-01-01,93,Great Lakes,2569254665
2015-01-01,93,Great Lakes,2606191645
2016-01-01,93,Great Lakes,2632446921
2017-01-01,93,Great Lakes,2669538336
2018-01-01,93,Great Lakes,2722152196
2019-01-01,93,Great Lakes,2756943488
2020-01-01,93,Great Lakes,2652982018
2021-01-01,93,Great Lakes,2799091229
2022-01-01,93,Great Lakes,2842363127
2023-01-01,93,Great Lakes,2894706951
2024-01-01,93,Great Lakes,2949425062
2001-01-01,94,Plains,910419433
2002-01-01,94,Plains,930798771
2003-01-01,94,Plains,965431834
2004-01-01,94,Plains,1002489691
2005-01-01,94,Plains,1032697339
2006-01-01,94,Plains,1047757569
2007-01-01,94,Plains,1071799659
2008-01-01,94,Plains,1092075727
2009-01-01,94,Plains,1064275981
2010-01-01,94,Plains,1096010401
2011-01-01,94,Plains,1120460066
2012-01-01,94,Plains,1149893612
2013-01-01,94,Plains,1167911493
2014-01-01,94,Plains,1202106677
2015-01-01,94,Plains,1227189305
2016-01-01,94,Plains,1237736420
2017-01-01,94,Plains,1250759343
2018-01-01,94,Plains,1274025842
2019-01-01,94,Plains,1288475929
2020-01-01,94,Plains,1264636370
2021-01-01,94,Plains,1331115290
2022-01-01,94,Plains,1355755366
2023-01-01,94,Plains,1385171310
2024-01-01,94,Plains,1410039749
2001-01-01,95,Southeast,3118856908
2002-01-01,95,Southeast,3195086660
2003-01-01,95,Southeast,3312051560
2004-01-01,95,Southeast,3473548695
2005-01-01,95,Southeast,3634909922
2006-01-01,95,Southeast,3726096703
2007-01-01,95,Southeast,3752274330
2008-01-01,95,Southeast,3738925147
2009-01-01,95,Southeast,3611267900
2010-01-01,95,Southeast,3695420192
2011-01-01,95,Southeast,3716013070
2012-01-01,95,Southeast,3762626344
2013-01-01,95,Southeast,3828029948
2014-01-01,95,Southeast,3902765273
2015-01-01,95,Southeast,4011954269
2016-01-01,95,Southeast,4102066919
2017-01-01,95,Southeast,4210089181
2018-01-01,95,Southeast,4315633378
2019-01-01,95,Southeast,4423102626
2020-01-01,95,Southeast,4346302569
2021-01-01,95,Southeast,4651307246
2022-01-01,95,Southeast,4820170060
2023-01-01,95,Southeast,4991252004
2024-01-01,95,Southeast,5142935998
2001-01-01,96,Southwest,1446381479
2002-01-01,96,Southwest,1480277662
2003-01-01,96,Southwest,1510596470
2004-01-01,96,Southwest,1592175931
2005-01-01,96,Southwest,1648724344
2006-01-01,96,Southwest,1754561799
2007-01-01,96,Southwest,1832803433
2008-01-01,96,Southwest,1833232871
2009-01-01,96,Southwest,1808209594
2010-01-01,96,Southwest,1851648770
2011-01-01,96,Southwest,1912613802
2012-01-01,96,Southwest,1996352031
2013-01-01,96,Southwest,2075730850
2014-01-01,96,Southwest,2140042238
2015-01-01,96,Southwest,2229860392
2016-01-01,96,Southwest,2235958566
2017-01-01,96,Southwest,2286160711
2018-01-01,96,Southwest,2385042078
2019-01-01,96,Southwest,2466718884
2020-01-01,96,Southwest,2439063494
2021-01-01,96,Southwest,2598810414
2022-01-01,96,Southwest,2687415880
2023-01-01,96,Southwest,2887055658
2024-01-01,96,Southwest,2999061943
2001-01-01,97,Rocky Mountain,453118482
2002-01-01,97,Rocky Mountain,459318533
2003-01-01,97,Rocky Mountain,467703707
2004-01-01,97,Rocky Mountain,484373456
2005-01-01,97,Rocky Mountain,511144300
2006-01-01,97,Rocky Mountain,533204603
2007-01-01,97,Rocky Mountain,555985280
2008-01-01,97,Rocky Mountain,563305602
2009-01-01,97,Rocky Mountain,549726516
2010-01-01,97,Rocky Mountain,557538270
2011-01-01,97,Rocky Mountain,567497994
2012-01-01,97,Rocky Mountain,574357559
2013-01-01,97,Rocky Mountain,594720656
2014-01-01,97,Rocky Mountain,617617804
2015-01-01,97,Rocky Mountain,641499082
2016-01-01,97,Rocky Mountain,655672594
2017-01-01,97,Rocky Mountain,681310123
2018-01-01,97,Rocky Mountain,712372100
2019-01-01,97,Rocky Mountain,746428762
2020-01-01,97,Rocky Mountain,745137259
2021-01-01,97,Rocky Mountain,797121996
2022-01-01,97,Rocky Mountain,826700677
2023-01-01,97,Rocky Mountain,860309372
2024-01-01,97,Rocky Mountain,883219272
2001-01-01,98,Far West,2463451014
2002-01-01,98,Far West,2514956943
2003-01-01,98,Far West,2609835821
2004-01-01,98,Far West,2705895007
2005-01-01,98,Far West,2835774939
2006-01-01,98,Far West,2947201499
2007-01-01,98,Far West,3026963051
2008-01-01,98,Far West,3056662307
2009-01-01,98,Far West,2948080132
2010-01-01,98,Far West,3010545720
2011-01-01,98,Far West,3066026011
2012-01-01,98,Far West,3148430217
2013-01-01,98,Far West,3249257573
2014-01-01,98,Far West,3360531450
2015-01-01,98,Far West,3516768389
2016-01-01,98,Far West,3629300282
2017-01-01,98,Far West,3797440495
2018-01-01,98,Far West,3956948041
2019-01-01,98,Far West,4115306459
2020-01-01,98,Far West,4050672995
2021-01-01,98,Far West,4346646055
2022-01-01,98,Far West,4376767632
2023-01-01,98,Far West,4478198467
2024-01-01,98,Far West,4627729346