year,state_fips,state_name,state_abbrev,total_population,median_age,median_household_income,per_capita_income,total_housing_units,owner_occupied_units,renter_occupied_units,homeownership_rate,median_home_value,median_gross_rent,rent_as_pct_of_income
2023,01,Alabama,AL,5054253,39.3,62027,34835,2316192,1377062,592043,69.93,195100,963,29.4
2023,02,Alaska,AK,733971,35.6,89336,44928,327610,178369,89496,66.59,333300,1388,28.2
2023,04,Arizona,AZ,7268175,38.8,76872,40736,3142443,1873231,923559,66.98,358900,1431,30.2
2023,05,Arkansas,AR,3032651,38.4,58773,33147,1382664,786534,402626,66.14,175300,914,27.6
2023,06,California,CA,39242785,37.6,96334,47977,14532683,7494811,5940036,55.79,695400,1956,32.5
2023,08,Colorado,CO,5810774,37.5,92470,50489,2545124,1542215,783361,66.32,502200,1693,31.1
2023,09,Connecticut,CT,3598348,41.2,93760,54409,1536049,939912,480258,66.18,343200,1431,30.7
2023,10,Delaware,DE,1005872,41.5,82855,44219,457958,286340,109869,72.27,326800,1341,29.6
2023,11,District of Columbia,DC,672079,34.9,106287,75253,356101,132288,189268,41.14,724600,1900,28.5
2023,12,Florida,FL,21928881,42.6,71711,41055,10082356,5756809,2794102,67.32,325000,1564,34.5
2023,13,Georgia,GA,10822590,37.4,74664,39525,4483873,2619529,1388484,65.36,272900,1306,30.8
2023,15,Hawaii,HI,1445635,40.6,98317,44823,564905,305869,183122,62.55,808200,1938,33.1
2023,16,Idaho,ID,1893296,37.1,74636,37169,776683,502140,191681,72.37,376000,1150,28.4
2023,17,Illinois,IL,12692653,38.9,81702,45104,5443501,3343034,1658870,66.84,250500,1227,28.8
2023,18,Indiana,IN,6811752,38.0,70051,37178,2953344,1886485,795052,70.35,201600,1020,28.9
2023,19,Iowa,IA,3195937,38.6,73147,39728,1427175,932618,371145,71.53,195900,949,27.2
2023,20,Kansas,KS,2937569,37.2,72639,39638,1285221,776311,384404,66.88,203400,1029,27.0
2023,21,Kentucky,KY,4510725,39.1,62417,34960,2010655,1223574,568417,68.28,192300,933,27.8
2023,22,Louisiana,LA,4621025,37.8,60023,34211,2094002,1200407,582761,67.32,208700,1038,32.3
2023,23,Maine,ME,1377400,44.8,71773,42035,746552,436029,153056,74.02,266400,1084,28.9
2023,24,Maryland,MD,6170738,39.3,101652,51689,2545532,1578702,760808,67.48,397700,1662,30.6
2023,25,Massachusetts,MA,6992395,40.0,101341,56284,3014657,1728986,1033084,62.60,525800,1687,30.5
2023,26,Michigan,MI,10051595,40.1,71149,39538,4599683,2946157,1094011,72.92,217600,1084,29.8
2023,27,Minnesota,MN,5713716,38.6,87556,46957,2519538,1652534,630433,72.39,305500,1235,28.9
2023,28,Mississippi,MS,2951438,38.4,54915,30529,1332811,786289,345471,69.47,161400,923,30.3
2023,29,Missouri,MO,6168181,38.9,68920,38497,2809501,1688072,796762,67.94,215600,996,27.9
2023,30,Montana,MT,1105072,40.2,69922,39842,522939,314266,138417,69.42,338100,1031,28.0
2023,31,Nebraska,NE,1965926,37.1,74985,40637,855631,523603,263282,66.54,223800,1035,27.4
2023,32,Nevada,NV,3141000,38.9,75561,39963,1307338,701914,481479,59.31,406100,1489,32.3
2023,33,New Hampshire,NH,1387834,43.2,95628,50867,644253,399663,151523,72.51,367200,1423,29.2
2023,34,New Jersey,NJ,9267014,40.1,101050,53118,3775842,2215482,1262873,63.69,427600,1653,30.4
2023,35,New Mexico,NM,2114768,39.2,62125,34823,949524,572064,252957,69.34,232200,1021,29.8
2023,36,New York,NY,19872319,39.6,84578,49520,8539536,4164793,3504163,54.31,403000,1576,30.9
2023,37,North Carolina,NC,10584340,39.1,69904,39616,4815195,2778672,1408252,66.37,259400,1162,29.0
2023,38,North Dakota,ND,779361,35.7,75949,42474,374866,206123,118956,63.41,241100,934,24.8
2023,39,Ohio,OH,11780046,39.6,69680,39455,5271573,3235568,1594003,66.99,199200,988,28.0
2023,40,Oklahoma,OK,3995260,36.9,63603,34859,1763036,1015207,527573,65.80,185900,980,28.1
2023,41,Oregon,OR,4238714,40.1,80426,44063,1838631,1078343,623205,63.37,454200,1450,30.9
2023,42,Pennsylvania,PA,12986518,40.9,76081,43104,5779663,3629624,1605715,69.33,240500,1162,29.0
2023,44,Rhode Island,RI,1095371,40.5,86372,45919,484615,276344,160558,63.25,368800,1273,29.0
2023,45,South Carolina,SC,5212774,40.1,66818,37993,2401638,1478858,591532,71.43,236700,1126,30.5
2023,46,South Dakota,SD,899194,37.7,72421,38880,402364,246105,112447,68.64,236800,912,25.3
2023,47,Tennessee,TN,6986082,38.9,67097,37866,3095472,1855793,912950,67.03,256800,1122,29.2
2023,48,Texas,TX,29640343,35.5,76292,39446,11890808,6723729,4023511,62.56,260400,1339,30.4
2023,49,Utah,UT,3331187,31.7,91750,39240,1193082,773345,321551,70.63,455000,1405,28.5
2023,50,Vermont,VT,645254,43.0,78024,44365,337072,196162,73304,72.80,290500,1193,30.3
2023,51,Virginia,VA,8657499,38.8,90974,49217,3654784,2234492,1091768,67.18,360700,1514,29.2
2023,53,Washington,WA,7740984,38.2,94952,51493,3262667,1929694,1090864,63.89,519800,1682,29.7
2023,54,West Virginia,WV,1784462,42.7,57917,32949,859653,536082,185366,74.31,155600,850,29.3
2023,55,Wisconsin,WI,5892023,40.1,75670,42019,2750750,1660505,785523,67.89,247400,1045,26.9
2023,56,Wyoming,WY,579761,38.8,74815,41006,275131,171299,66877,71.92,285100,968,27.2
2023,72,Puerto Rico,PR,3254885,44.2,25096,16794,1575105,844228,395015,68.12,124600,562,30.9
2022,01,Alabama,AL,5028092,39.3,59609,33344,2296920,1347792,585358,69.72,179400,925,29.2
2022,02,Alaska,AK,734821,35.3,86370,42828,326188,175198,89178,66.27,318000,1345,27.8
2022,04,Arizona,AZ,7172282,38.4,72581,38334,3097768,1815352,923784,66.27,321400,1308,29.6
2022,05,Arkansas,AR,3018669,38.4,56335,31868,1371709,775956,395738,66.23,162400,868,27.5
2022,06,California,CA,39356104,37.3,91905,45591,14424442,7407361,5908461,55.63,659300,1856,32.3
2022,08,Colorado,CO,5770790,37.3,87598,47346,2500095,1507547,770497,66.18,465900,1594,31.0
2022,09,Connecticut,CT,3611317,40.9,90213,52034,1531332,932588,477219,66.15,323700,1374,30.7
2022,10,Delaware,DE,993635,41.4,79325,42180,451556,279923,109077,71.96,305200,1286,29.6
2022,11,District of Columbia,DC,670587,34.8,101722,71297,350372,130865,184920,41.44,705000,1817,28.5
2022,12,Florida,FL,21634529,42.4,67917,38850,9915957,5585924,2767517,66.87,292200,1444,33.9
2022,13,Georgia,GA,10722325,37.2,71355,37836,4426780,2565877,1380613,65.02,245900,1221,30.2
2022,15,Hawaii,HI,1450589,39.9,94814,42683,560873,298816,185090,61.75,764800,1868,32.9
2022,16,Idaho,ID,1854109,36.9,70214,34919,758877,486279,189044,72.01,331600,1061,28.1
2022,17,Illinois,IL,12757634,38.7,78433,43198,5427357,3312809,1655952,66.67,239100,1179,28.8
2022,18,Indiana,IN,6784403,38.0,67173,35578,2931710,1860566,793030,70.11,183600,967,28.7
2022,19,Iowa,IA,3188836,38.4,70571,37949,1417064,922684,367455,71.52,181600,914,27.2
2022,20,Kansas,KS,2935922,37.1,69747,38108,1278548,767875,380760,66.85,189300,986,27.1
2022,21,Kentucky,KY,4502935,39.1,60183,33515,1999202,1205067,564035,68.12,177000,902,27.6
2022,22,Louisiana,LA,4640546,37.6,57852,32981,2080371,1185633,579631,67.16,198300,996,32.3
2022,23,Maine,ME,1366949,44.8,68251,39718,741803,426239,153933,73.47,244800,1009,28.8
2022,24,Maryland,MD,6161707,39.1,98461,49865,2531075,1564056,754068,67.47,380500,1598,30.2
2022,25,Massachusetts,MA,6984205,39.8,96505,53513,2999314,1711341,1029654,62.44,483900,1588,30.1
2022,26,Michigan,MI,10057921,39.9,68505,37929,4580447,2906470,1102783,72.49,201100,1037,29.6
2022,27,Minnesota,MN,5695292,38.5,84313,44947,2493956,1631701,624425,72.32,286800,1178,28.7
2022,28,Mississippi,MS,2958846,38.1,52985,29209,1324992,775465,345804,69.16,151000,896,30.2
2022,29,Missouri,MO,6154422,38.8,65920,36754,2795030,1661854,796470,67.60,199400,957,27.9
2022,30,Montana,MT,1091840,40.1,66341,37837,517430,306432,137485,69.03,305700,974,27.7
2022,31,Nebraska,NE,1958939,36.9,71722,38585,848023,516651,259728,66.55,205600,987,27.2
2022,32,Nevada,NV,3104817,38.5,71646,37945,1288357,679960,483711,58.43,373800,1382,31.5
2022,33,New Hampshire,NH,1379610,43.1,90845,48250,640335,393945,151171,72.27,337100,1336,28.8
2022,34,New Jersey,NJ,9249063,40.0,97126,50995,3756340,2195831,1242331,63.87,401400,1577,30.4
2022,35,New Mexico,NM,2112463,38.6,58722,32667,943149,558179,254673,68.67,216000,966,29.7
2022,36,New York,NY,19994379,39.3,81386,47173,8494452,4128119,3476404,54.29,384100,1507,30.9
2022,37,North Carolina,NC,10470214,39.1,66186,37641,4739881,2717961,1387271,66.21,234900,1093,29.0
2022,38,North Dakota,ND,776874,35.4,73959,40748,372376,202213,117825,63.18,232500,912,24.4
2022,39,Ohio,OH,11774683,39.6,66990,37729,5251209,3200314,1589094,66.82,183300,945,27.7
2022,40,Oklahoma,OK,3970497,36.9,61364,33630,1751802,1004078,518633,65.94,170500,934,27.7
2022,41,Oregon,OR,4229374,39.9,76632,41805,1818599,1062522,618278,63.22,423100,1373,30.5
2022,42,Pennsylvania,PA,12989208,40.8,73170,41234,5753908,3593490,1600237,69.19,226200,1110,28.8
2022,44,Rhode Island,RI,1094250,40.1,81370,43324,483053,270950,161269,62.69,343100,1195,29.0
2022,45,South Carolina,SC,5142750,40.0,63623,36072,2362253,1434662,588423,70.91,216200,1065,30.2
2022,46,South Dakota,SD,890342,37.5,69457,36850,396623,240328,110854,68.43,219500,878,25.4
2022,47,Tennessee,TN,6923772,38.9,64035,36040,3050850,1819725,893910,67.06,232100,1047,29.1
2022,48,Texas,TX,29243342,35.2,73035,37514,11654971,6545727,3944826,62.40,238000,1251,29.9
2022,49,Utah,UT,3283809,31.4,86833,37023,1162654,751652,311167,70.72,408500,1302,28.4
2022,50,Vermont,VT,643816,42.9,74014,41680,335138,193222,72636,72.68,272400,1149,30.3
2022,51,Virginia,VA,8624511,38.7,87249,47210,3625285,2199299,1090477,66.85,339800,1440,29.1
2022,53,Washington,WA,7688549,38.0,90325,48685,3216243,1900252,1079020,63.78,473400,1592,29.5
2022,54,West Virginia,WV,1792967,42.6,55217,31462,859142,531027,185013,74.16,145800,831,29.5
2022,55,Wisconsin,WI,5882128,39.9,72458,40130,2734511,1641590,783898,67.68,231400,992,27.0
2022,56,Wyoming,WY,577929,38.5,72495,39547,273291,168393,65763,71.91,269900,933,27.0
2022,72,Puerto Rico,PR,3272382,43.7,24002,15637,1563129,829943,389715,68.05,121800,545,31.6