period_date,unemployment_rate,unemployment_rate_yoy,total_nonfarm_employment,employment_yoy
2025-12-01,4.4,0.3,159526000,0.37
2025-11-01,4.5,0.3,159476000,0.54
2025-10-01,,,159420000,0.67
2025-09-01,4.4,0.3,159593000,0.81
2025-08-01,4.3,0.1,159485000,0.89
2025-07-01,4.3,0.1,159511000,0.95
2025-06-01,4.1,0,159439000,0.97
2025-05-01,4.3,0.4,159452000,1.03
2025-04-01,4.2,0.3,159433000,1.14
2025-03-01,4.2,,159275000,
2025-02-01,4.2,0.3,159155000,1.2
2025-01-01,4,0.3,159053000,1.28
2024-12-01,4.1,0.3,158942000,1.28
2024-11-01,4.2,0.5,158619000,1.25
2024-10-01,4.1,0.2,158358000,1.17
2024-09-01,4.1,0.4,158314000,1.27
2024-08-01,4.2,0.5,158074000,1.22
2024-07-01,4.2,0.7,158003000,1.27
2024-06-01,4.1,0.5,157915000,1.31
2024-05-01,3.9,0.3,157828000,1.42
2024-04-01,3.9,0.5,157635000,1.45
2024-03-01,3.9,,157517000,
2024-02-01,3.9,0.3,157271000,1.41
2024-01-01,3.7,0.2,157049000,1.47
2023-12-01,3.8,0.3,156930000,1.68
2023-11-01,3.7,0.1,156661000,1.59
2023-10-01,3.9,0.3,156520000,1.69
2023-09-01,3.7,0.2,156334000,1.84
2023-08-01,3.7,0.1,156176000,1.89
2023-07-01,3.5,0,156019000,1.94
2023-06-01,3.6,0,155871000,2.31
2023-05-01,3.6,0,155614000,2.45
2023-04-01,3.4,-0.3,155387000,2.46
2023-03-01,3.5,-0.2,155171000,2.53
2023-02-01,3.6,-0.3,155086000,2.79
2023-01-01,3.5,-0.5,154780000,3.18
2022-12-01,3.5,-0.4,154336000,3.04
2022-11-01,3.6,-0.5,154210000,3.35
2022-10-01,3.6,-0.9,153913000,3.6
2022-09-01,3.5,-1.2,153513000,3.93
2022-08-01,3.6,-1.5,153286000,4.1
2022-07-01,3.5,-1.9,153049000,4.29
2022-06-01,3.6,-2.3,152353000,4.47
2022-05-01,3.6,-2.2,151892000,4.73
2022-04-01,3.7,-2.4,151651000,4.87
2022-03-01,3.7,-2.4,151346000,4.92
2022-02-01,3.9,-2.3,150875000,5.2
2022-01-01,4,-2.4,150006000,4.96
2021-12-01,3.9,-2.8,149781000,5.07
2021-11-01,4.1,-2.6,149206000,4.54
2021-10-01,4.5,-2.4,148569000,4.29
2021-09-01,4.7,-3.1,147712000,4.19
2021-08-01,5.1,-3.3,147246000,4.56
2021-07-01,5.4,-4.8,146759000,5.39
2021-06-01,5.9,-5.1,145828000,5.92
2021-05-01,5.8,-7.4,145032000,9.01
2021-04-01,6.1,-8.7,144611000,10.88
2021-03-01,6.1,,144246000,
2021-02-01,6.2,2.7,143422000,-5.82
2021-01-01,6.4,2.8,142913000,-6
2020-12-01,6.7,3.1,142548000,-6.09
2020-11-01,6.7,3.1,142731000,-5.89
2020-10-01,6.9,3.3,142461000,-5.94
2020-09-01,7.8,4.3,141770000,-6.34
2020-08-01,8.4,4.8,140819000,-6.85
2020-07-01,10.2,6.5,139255000,-7.74
2020-06-01,11,7.4,137671000,-8.73
2020-05-01,13.2,9.6,133040000,-11.67
2020-04-01,14.8,11.1,130424000,-13.39
2020-03-01,4.4,,150895000,
2020-02-01,3.5,-0.3,152292000,1.48
2020-01-01,3.6,-0.4,152031000,1.31
2019-12-01,3.6,-0.3,151795000,1.33
2019-11-01,3.6,-0.2,151668000,1.37
2019-10-01,3.6,-0.2,151460000,1.29
2019-09-01,3.5,-0.2,151365000,1.34
2019-08-01,3.6,-0.2,151171000,1.27
2019-07-01,3.7,-0.1,150936000,1.29
2019-06-01,3.6,-0.4,150839000,1.26
2019-05-01,3.6,-0.2,150621000,1.26
2019-04-01,3.7,-0.3,150593000,1.46
2019-03-01,3.8,-0.2,150295000,1.36
2019-02-01,3.8,-0.3,150065000,1.36
2019-01-01,4,0,150059000,1.62
2018-12-01,3.9,-0.2,149809000,1.55
2018-11-01,3.8,-0.4,149617000,1.52
2018-10-01,3.8,-0.4,149526000,1.61
2018-09-01,3.7,-0.6,149358000,1.6
2018-08-01,3.8,-0.6,149279000,1.61
2018-07-01,3.8,-0.5,149020000,1.53
2018-06-01,4,-0.3,148959000,1.62
2018-05-01,3.8,-0.6,148740000,1.61
2018-04-01,4,-0.4,148422000,1.54
2018-03-01,4,-0.4,148280000,1.58
2018-02-01,4.1,-0.5,148054000,1.51
2018-01-01,4,-0.7,147660000,1.4
2017-12-01,4.1,-0.6,147523000,1.45
2017-11-01,4.2,-0.5,147373000,1.51
2017-10-01,4.2,-0.7,147150000,1.44
2017-09-01,4.3,-0.7,147007000,1.41
2017-08-01,4.4,-0.5,146919000,1.56
2017-07-01,4.3,-0.5,146772000,1.56
2017-06-01,4.3,-0.6,146583000,1.69
2017-05-01,4.4,-0.4,146380000,1.72
2017-04-01,4.4,-0.7,146174000,1.61
2017-03-01,4.4,,145969000,
2017-02-01,4.6,-0.3,145848000,1.7
2017-01-01,4.7,-0.1,145628000,1.69
2016-12-01,4.7,-0.3,145408000,1.63
2016-11-01,4.7,-0.4,145183000,1.66
2016-10-01,4.9,-0.1,145066000,1.74
2016-09-01,5,0,144967000,1.89
2016-08-01,4.9,-0.2,144662000,1.79
2016-07-01,4.8,-0.4,144520000,1.78
2016-06-01,4.9,-0.4,144146000,1.72
2016-05-01,4.8,-0.8,143900000,1.67
2016-04-01,5.1,-0.3,143855000,1.88
2016-03-01,5,,143662000,
2016-02-01,4.9,-0.6,143407000,1.83
2016-01-01,4.8,-0.9,143210000,1.88
2015-12-01,5,-0.6,143077000,1.93
2015-11-01,5.1,-0.7,142808000,1.94
2015-10-01,5,-0.7,142579000,1.99
2015-09-01,5,-0.9,142275000,1.94
2015-08-01,5.1,-1,142125000,2.05
2015-07-01,5.2,-1,141991000,2.1
2015-06-01,5.3,-0.8,141709000,2.06
2015-05-01,5.6,-0.7,141538000,2.18
2015-04-01,5.4,-0.8,141196000,2.1
2015-03-01,5.4,-1.3,140923000,2.13
2015-02-01,5.5,-1.2,140827000,2.26
2015-01-01,5.7,-0.9,140568000,2.19
2014-12-01,5.6,-1.1,140364000,2.18
2014-11-01,5.8,-1.1,140090000,2.02
2014-10-01,5.7,-1.5,139797000,2.01
2014-09-01,5.9,-1.3,139563000,2
2014-08-01,6.1,-1.1,139269000,1.92
2014-07-01,6.2,-1.1,139073000,1.97
2014-06-01,6.1,-1.4,138849000,1.89
2014-05-01,6.3,-1.2,138512000,1.78
2014-04-01,6.2,-1.4,138297000,1.78
2014-03-01,6.7,-0.8,137985000,1.69
2014-02-01,6.7,-1,137712000,1.6
2014-01-01,6.6,-1.4,137561000,1.7
2013-12-01,6.7,-1.2,137373000,1.7
2013-11-01,6.9,-0.8,137316000,1.85
2013-10-01,7.2,-0.6,137041000,1.76
2013-09-01,7.2,-0.6,136821000,1.71
2013-08-01,7.2,-0.9,136646000,1.72
2013-07-01,7.3,-0.9,136391000,1.67
2013-06-01,7.5,-0.7,136279000,1.69
2013-05-01,7.5,-0.7,136095000,1.61
2013-04-01,7.6,-0.6,135873000,1.53
2013-03-01,7.5,,135689000,
2013-02-01,7.7,-0.6,135545000,1.53
2013-01-01,8,-0.3,135257000,1.51
2012-12-01,7.9,-0.6,135074000,1.64
2012-11-01,7.7,-0.9,134825000,1.61
2012-10-01,7.8,-1,134668000,1.6
2012-09-01,7.8,-1.2,134517000,1.64
2012-08-01,8.1,-0.9,134338000,1.67
2012-07-01,8.2,-0.8,134157000,1.64
2012-06-01,8.2,-0.9,134012000,1.58
2012-05-01,8.2,-0.8,133933000,1.69
2012-04-01,8.2,-0.9,133825000,1.69
2012-03-01,8.2,,133748000,
2012-02-01,8.3,-0.7,133508000,1.87
2012-01-01,8.3,-0.8,133245000,1.84
2011-12-01,8.5,-0.8,132888000,1.57
2011-11-01,8.6,-1.2,132690000,1.48
2011-10-01,8.8,-0.6,132553000,1.48
2011-09-01,9,-0.5,132344000,1.54
2011-08-01,9,-0.5,132125000,1.31
2011-07-01,9,-0.4,131993000,1.21
2011-06-01,9.1,-0.3,131931000,1.09
2011-05-01,9,-0.6,131704000,0.81
2011-04-01,9.1,-0.8,131597000,1.14
2011-03-01,9,-0.9,131282000,1.09
2011-02-01,9,-0.8,131056000,1.04
2011-01-01,9.1,-0.7,130837000,0.8
2010-12-01,9.3,-0.6,130830000,0.79
2010-11-01,9.8,-0.1,130749000,0.53
2010-10-01,9.4,-0.6,130621000,0.43
2010-09-01,9.5,-0.3,130342000,0.07
2010-08-01,9.5,-0.1,130416000,-0.04
2010-07-01,9.4,-0.1,130415000,-0.19
2010-06-01,9.4,-0.1,130509000,-0.38
2010-05-01,9.6,0.2,130643000,-0.63
2010-04-01,9.9,0.9,130120000,-1.29
2010-03-01,9.9,1.2,129865000,-1.98
2010-02-01,9.8,1.5,129705000,-2.71
2010-01-01,9.8,2,129802000,-3.19
2009-12-01,9.9,2.6,129808000,-3.74
2009-11-01,9.9,3.1,130058000,-4.05
2009-10-01,10,3.5,130062000,-4.57
2009-09-01,9.8,3.7,130247000,-4.76
2009-08-01,9.6,3.5,130472000,-4.91
2009-07-01,9.5,3.7,130662000,-4.97
2009-06-01,9.5,3.9,131007000,-4.86
2009-05-01,9.4,4,131468000,-4.63
2009-04-01,9,4,131821000,-4.5
2009-03-01,8.7,,132492000,
2009-02-01,8.3,3.4,133317000,-3.62
2009-01-01,7.8,2.8,134078000,-3.12
2008-12-01,7.3,2.3,134847000,-2.56
2008-11-01,6.8,2.1,135543000,-1.99
2008-10-01,6.5,1.8,136293000,-1.36
2008-09-01,6.1,1.4,136762000,-0.97
2008-08-01,6.1,1.5,137211000,-0.58
2008-07-01,5.8,1.1,137498000,-0.4
2008-06-01,5.6,1,137698000,-0.27
2008-05-01,5.4,1,137851000,-0.1
2008-04-01,5,0.5,138038000,0.14
2008-03-01,5.1,,138257000,
2008-02-01,4.9,0.4,138327000,0.56
2008-01-01,5,0.4,138391000,0.67
2007-12-01,5,0.6,138395000,0.83
2007-11-01,4.7,0.2,138291000,0.9
2007-10-01,4.7,0.3,138177000,0.97
2007-09-01,4.7,0.2,138101000,0.93
2007-08-01,4.6,-0.1,138013000,0.97
2007-07-01,4.7,0,138044000,1.11
2007-06-01,4.6,0,138069000,1.27
2007-05-01,4.4,-0.2,137993000,1.28
2007-04-01,4.5,-0.2,137845000,1.2
2007-03-01,4.4,-0.3,137782000,1.28
2007-02-01,4.5,-0.3,137558000,1.35
2007-01-01,4.6,-0.1,137472000,1.51
2006-12-01,4.4,-0.5,137249000,1.55
2006-11-01,4.5,-0.5,137061000,1.53
2006-10-01,4.4,-0.6,136846000,1.64
2006-09-01,4.5,-0.5,136829000,1.69
2006-08-01,4.7,-0.2,136693000,1.63
2006-07-01,4.7,-0.3,136529000,1.66
2006-06-01,4.6,-0.4,136335000,1.78
2006-05-01,4.6,-0.5,136249000,1.91
2006-04-01,4.7,-0.5,136208000,2.01
2006-03-01,4.7,-0.5,136036000,2.17
2006-02-01,4.8,-0.6,135731000,2.03
2006-01-01,4.7,-0.6,135426000,1.99
2005-12-01,4.9,-0.5,135158000,1.91
2005-11-01,5,-0.4,134999000,1.88
2005-10-01,5,-0.5,134643000,1.67
2005-09-01,5,-0.4,134554000,1.86
2005-08-01,4.9,-0.5,134503000,1.94
2005-07-01,5,-0.5,134300000,1.86
2005-06-01,5,-0.6,133947000,1.63
2005-05-01,5.1,-0.5,133689000,1.51
2005-04-01,5.2,-0.4,133519000,1.6
2005-03-01,5.2,,133152000,
2005-02-01,5.4,-0.2,133033000,1.69
2005-01-01,5.3,-0.4,132781000,1.55
2004-12-01,5.4,-0.3,132629000,1.56
2004-11-01,5.4,-0.4,132504000,1.55
2004-10-01,5.5,-0.5,132431000,1.53
2004-09-01,5.4,-0.7,132091000,1.41
2004-08-01,5.4,-0.7,131940000,1.37
2004-07-01,5.5,-0.7,131853000,1.28
2004-06-01,5.6,-0.7,131794000,1.24
2004-05-01,5.6,-0.5,131697000,1.15
2004-04-01,5.6,-0.4,131412000,0.95
2004-03-01,5.8,,131139000,
2004-02-01,5.6,-0.3,130820000,0.29
2004-01-01,5.7,-0.1,130756000,0.14
2003-12-01,5.7,-0.3,130589000,0.1
2003-11-01,5.8,-0.1,130481000,-0.1
2003-10-01,6,0.3,130440000,-0.14
2003-09-01,6.1,0.4,130253000,-0.19
2003-08-01,6.1,0.4,130153000,-0.33
2003-07-01,6.2,0.4,130184000,-0.31
2003-06-01,6.3,0.5,130185000,-0.37
2003-05-01,6.1,0.3,130196000,-0.33
2003-04-01,6,0.1,130172000,-0.34
2003-03-01,5.9,0.2,130235000,-0.37
2003-02-01,5.9,0.2,130441000,-0.23
2003-01-01,5.8,0.1,130573000,-0.22
2002-12-01,6,0.3,130465000,-0.4
2002-11-01,5.9,0.4,130616000,-0.4
2002-10-01,5.7,0.4,130617000,-0.64
2002-09-01,5.7,0.7,130503000,-0.96
2002-08-01,5.7,0.8,130582000,-1.09
2002-07-01,5.8,1.2,130583000,-1.2
2002-06-01,5.8,1.3,130673000,-1.23
2002-05-01,5.8,1.5,130632000,-1.34
2002-04-01,5.9,1.5,130615000,-1.39
2002-03-01,5.7,1.4,130722000,-1.53
2002-02-01,5.7,1.5,130736000,-1.55
2002-01-01,5.7,1.5,130859000,-1.39
2001-12-01,5.7,1.8,130983000,-1.31
2001-11-01,5.5,1.6,131144000,-1.07
2001-10-01,5.3,1.4,131452000,-0.68
2001-09-01,5,1.1,131763000,-0.43
2001-08-01,4.9,0.8,132021000,-0.16
2001-07-01,4.6,0.6,132171000,-0.04
2001-06-01,4.5,0.5,132299000,0.18
2001-05-01,4.3,0.3,132409000,0.23
2001-04-01,4.4,0.6,132457000,0.44
2001-03-01,4.3,,132751000,
2001-02-01,4.2,0.1,132788000,1.27
2001-01-01,4.2,0.2,132703000,1.29
2000-12-01,3.9,,132716000,
2000-11-01,3.9,,132556000,
2000-10-01,3.9,,132352000,
2000-09-01,3.9,,132338000,
2000-08-01,4.1,,132234000,
2000-07-01,4,,132228000,
2000-06-01,4,,132062000,
2000-05-01,4,,132105000,
2000-04-01,3.8,,131883000,
2000-03-01,4,,131604000,
2000-02-01,4.1,,131121000,
2000-01-01,4,,131011000,